epoch,step,test_loss,test_mae,train_loss_epoch,train_loss_step,train_mae_epoch,train_mae_step,val_loss,val_mae
0,19,,,,0.0039358241483569145,,0.06950712203979492,,
0,39,,,,0.0009188996627926826,,0.03332150727510452,,
0,59,,,,0.0006496729329228401,,0.026884250342845917,,
0,79,,,,0.00051766203250736,,0.023308560252189636,,
0,99,,,,0.00035199173726141453,,0.019696736708283424,,
0,119,,,,0.0003847091575153172,,0.020341794937849045,,
0,139,,,,0.0003960481262765825,,0.02055194228887558,,
0,159,,,,0.0003426570037845522,,0.018716201186180115,,
0,179,,,,0.0003504378837533295,,0.0180180873721838,,
0,199,,,,0.00027466577012091875,,0.016719399020075798,,
0,219,,,,0.0002501087146811187,,0.01669066771864891,,
0,239,,,,0.0003496664285194129,,0.018758786842226982,,
0,259,,,,0.00034976244205608964,,0.018576979637145996,,
0,279,,,,0.000219250243389979,,0.01531109306961298,,
0,299,,,,0.00023272394901141524,,0.015588337555527687,,
0,319,,,,0.000325022148899734,,0.017612436786293983,,
0,339,,,,0.0002807453565765172,,0.01655631884932518,,
0,359,,,,0.00027377731748856604,,0.017156535759568214,,
0,379,,,,0.0002873847261071205,,0.016867704689502716,,
0,399,,,,0.00028204728732816875,,0.016632644459605217,,
0,419,,,,0.0002491392660886049,,0.0167396180331707,,
0,439,,,,0.00024488047347404063,,0.015965890139341354,,
0,459,,,,0.0003181721840519458,,0.01670662686228752,,
0,479,,,,0.00029759833705611527,,0.017044194042682648,,
0,499,,,,0.0003017873386852443,,0.016909515485167503,,
0,519,,,,0.00028855435084551573,,0.01668645069003105,,
0,539,,,,0.000311587646137923,,0.01603250950574875,,
0,559,,,,0.00022469683608505875,,0.015500228852033615,,
0,579,,,,0.00029300746973603964,,0.016844501718878746,,
0,599,,,,0.0003582412900868803,,0.01748066395521164,,
0,619,,,,0.0002819637884385884,,0.01600136049091816,,
0,639,,,,0.00026114730280824006,,0.016953816637396812,,
0,659,,,,0.000261602719547227,,0.015793539583683014,,
0,679,,,,0.0002794160391204059,,0.01681259647011757,,
0,699,,,,0.00019867965602315962,,0.01446917187422514,,
0,719,,,,0.0003107768134213984,,0.01735084503889084,,
0,739,,,,0.0003000316792167723,,0.016513630747795105,,
0,759,,,,0.0003537860466167331,,0.017067749053239822,,
0,779,,,,0.00029820570489391685,,0.016399431973695755,,
0,799,,,,0.0002944812295027077,,0.01685796119272709,,
0,819,,,,0.0002541760331951082,,0.01635407656431198,,
0,839,,,,0.00027097907150164247,,0.016323737800121307,,
0,859,,,,0.00027903009322471917,,0.01702597737312317,,
0,879,,,,0.000282808905467391,,0.016803450882434845,,
0,899,,,,0.00023168032930698246,,0.015194257721304893,,
0,919,,,,0.0003810916095972061,,0.01779814064502716,,
0,939,,,,0.00024080442381091416,,0.016171492636203766,,
0,959,,,,0.00023203234013635665,,0.014704732224345207,,
0,979,,,,0.0002398329961579293,,0.01586897484958172,,
0,999,,,,0.00028123220545239747,,0.016760047525167465,,
0,1019,,,,0.0003068894147872925,,0.016165466979146004,,
0,1039,,,,0.0002833785256370902,,0.016819069162011147,,
0,1059,,,,0.0002681074838619679,,0.016930369660258293,,
0,1079,,,,0.0002444386191200465,,0.015301443636417389,,
0,1099,,,,0.0003013087552972138,,0.016437117010354996,,
0,1119,,,,0.0002387154527241364,,0.015295751392841339,,
0,1139,,,,0.00021442491561174393,,0.014640402980148792,,
0,1159,,,,0.00022029824322089553,,0.01553332805633545,,
0,1179,,,,0.00024917410337366164,,0.016263339668512344,,
0,1199,,,,0.00020788286929018795,,0.014853173866868019,,
0,1219,,,,0.0014329313999041915,,0.018689751625061035,,
0,1239,,,,0.00021043408196419477,,0.014617133885622025,,
0,1241,,,,,,,0.00028961533098481596,0.013029089197516441
0,1241,,,0.0006900689913891256,,0.019612273201346397,,,
1,1259,,,,0.0002724297228269279,,0.016503676772117615,,
1,1279,,,,0.00022120398352853954,,0.015247996896505356,,
1,1299,,,,0.0002598244755063206,,0.01645887829363346,,
1,1319,,,,0.0003163734800182283,,0.016980871558189392,,
1,1339,,,,0.00023588085605297238,,0.015024094842374325,,
1,1359,,,,0.000257945095654577,,0.016661912202835083,,
1,1379,,,,0.0002704574726521969,,0.015688281506299973,,
1,1399,,,,0.00026550766779109836,,0.015959398820996284,,
1,1419,,,,0.0002110170607920736,,0.014731382019817829,,
1,1439,,,,0.0002565450849942863,,0.01635301299393177,,
1,1459,,,,0.00019926956156268716,,0.01459857914596796,,
1,1479,,,,0.00032057653879746795,,0.016981910914182663,,
1,1499,,,,0.0002674688003025949,,0.016237381845712662,,
1,1519,,,,0.00029331681434996426,,0.016304776072502136,,
1,1539,,,,0.0003720675013028085,,0.016135286539793015,,
1,1559,,,,0.00025633437326177955,,0.016134824603796005,,
1,1579,,,,0.00029380788328126073,,0.01659853756427765,,
1,1599,,,,0.0002622212050482631,,0.01532609574496746,,
1,1619,,,,0.00022049594554118812,,0.014666021801531315,,
1,1639,,,,0.00020072489860467613,,0.014949366450309753,,
1,1659,,,,0.00022105299285613,,0.014979735016822815,,
1,1679,,,,0.00027508725179359317,,0.015920953825116158,,
1,1699,,,,0.00025674240896478295,,0.01578802429139614,,
1,1719,,,,0.0002300111809745431,,0.014986000955104828,,
1,1739,,,,0.0003118996974080801,,0.016199296340346336,,
1,1759,,,,0.00019648839952424169,,0.014325964264571667,,
1,1779,,,,0.0002755549503490329,,0.016163423657417297,,
1,1799,,,,0.00028870668029412627,,0.016574934124946594,,
1,1819,,,,0.00023919674276839942,,0.015475453808903694,,
1,1839,,,,0.0002648570225574076,,0.015295400284230709,,
1,1859,,,,0.00024453384685330093,,0.0151725048199296,,
1,1879,,,,0.0003469425719231367,,0.01680440828204155,,
1,1899,,,,0.000278115039691329,,0.016857082024216652,,
1,1919,,,,0.0002771515282802284,,0.016276059672236443,,
1,1939,,,,0.0002654460840858519,,0.016010457649827003,,
1,1959,,,,0.0002922263229265809,,0.016896512359380722,,
1,1979,,,,0.0002616189303807914,,0.016473866999149323,,
1,1999,,,,0.00025689718313515186,,0.01617657020688057,,
1,2019,,,,0.00028725044103339314,,0.016017301008105278,,
1,2039,,,,0.00023425322433467954,,0.015518398024141788,,
1,2059,,,,0.00027760310331359506,,0.01672796532511711,,
1,2079,,,,0.00031987688271328807,,0.01732386089861393,,
1,2099,,,,0.0002698667231015861,,0.01671079732477665,,
1,2119,,,,0.00021546240895986557,,0.014192062430083752,,
1,2139,,,,0.000258205778663978,,0.015929263085126877,,
1,2159,,,,0.00029686224297620356,,0.016126450151205063,,
1,2179,,,,0.0002363228559261188,,0.015451159328222275,,
1,2199,,,,0.0002813351165968925,,0.016362503170967102,,
1,2219,,,,0.0002311384305357933,,0.01528102532029152,,
1,2239,,,,0.0002942646387964487,,0.017194198444485664,,
1,2259,,,,0.0003263488761149347,,0.016037652269005775,,
1,2279,,,,0.00027563382172957063,,0.016342904418706894,,
1,2299,,,,0.00027697038603946567,,0.015690788626670837,,
1,2319,,,,0.0002470894542057067,,0.015797000378370285,,
1,2339,,,,0.0003074218111578375,,0.01650533452630043,,
1,2359,,,,0.00021422228019218892,,0.014519061893224716,,
1,2379,,,,0.0002680894103832543,,0.016355574131011963,,
1,2399,,,,0.00031672127079218626,,0.016869181767106056,,
1,2419,,,,0.0002580265572760254,,0.015132973901927471,,
1,2439,,,,0.0002511622151359916,,0.015275700017809868,,
1,2459,,,,0.0003329224418848753,,0.016662264242768288,,
1,2479,,,,0.00025085630477406085,,0.015664830803871155,,
1,2483,,,,,,,0.00018438888946548104,0.012205859646201134
1,2483,,,0.0002855998754967004,,0.01599266193807125,,,
2,2499,,,,0.0003377473331056535,,0.01626068353652954,,
2,2519,,,,0.0002175761037506163,,0.01491725817322731,,
2,2539,,,,0.0002368153800489381,,0.015630405396223068,,
2,2559,,,,0.00028248896705918014,,0.015150247141718864,,
2,2579,,,,0.00023684032203163952,,0.01542394794523716,,
2,2599,,,,0.0002794992469716817,,0.015761956572532654,,
2,2619,,,,0.0002902964479289949,,0.016533181071281433,,
2,2639,,,,0.00028986914549022913,,0.016062553972005844,,
2,2659,,,,0.0002679313765838742,,0.016136974096298218,,
2,2679,,,,0.0016396065475419164,,0.018803641200065613,,
2,2699,,,,0.00022730359341949224,,0.015073002316057682,,
2,2719,,,,0.0002492214844096452,,0.01569242775440216,,
2,2739,,,,0.00024058214330580086,,0.01562969759106636,,
2,2759,,,,0.000295477278996259,,0.017166249454021454,,
2,2779,,,,0.0002703866339288652,,0.016122667118906975,,
2,2799,,,,0.00022005265054758638,,0.014794564805924892,,
2,2819,,,,0.00026016286574304104,,0.01631050370633602,,
2,2839,,,,0.00024101551389321685,,0.015997260808944702,,
2,2859,,,,0.00022576881747227162,,0.01516368705779314,,
2,2879,,,,0.0002460142713971436,,0.01589682698249817,,
2,2899,,,,0.0003388229524716735,,0.016609560698270798,,
2,2919,,,,0.0003968066885136068,,0.017760807648301125,,
2,2939,,,,0.00023232001694850624,,0.01547064445912838,,
2,2959,,,,0.0002565716567914933,,0.01577490009367466,,
2,2979,,,,0.0002766056568361819,,0.015848275274038315,,
2,2999,,,,0.0002122278674505651,,0.014835841953754425,,
2,3019,,,,0.00044537795474752784,,0.01846802979707718,,
2,3039,,,,0.00028970802668482065,,0.015765933319926262,,
2,3059,,,,0.0002860300010070205,,0.016147427260875702,,
2,3079,,,,0.0002722739882301539,,0.016087662428617477,,
2,3099,,,,0.0002995577815454453,,0.01711396500468254,,
2,3119,,,,0.0002716553572099656,,0.016117308288812637,,
2,3139,,,,0.00024073445820249617,,0.015032878145575523,,
2,3159,,,,0.00025479105534031987,,0.01606891304254532,,
2,3179,,,,0.0003184867091476917,,0.017261521890759468,,
2,3199,,,,0.00029485428240150213,,0.015990085899829865,,
2,3219,,,,0.00029326294315978885,,0.016607586294412613,,
2,3239,,,,0.000231452431762591,,0.015645232051610947,,
2,3259,,,,0.00024891566135920584,,0.01609252765774727,,
2,3279,,,,0.00027810409665107727,,0.01601136475801468,,
2,3299,,,,0.00033414835343137383,,0.017486143857240677,,
2,3319,,,,0.0002938459801953286,,0.016348525881767273,,
2,3339,,,,0.0002725329832173884,,0.016146870329976082,,
2,3359,,,,0.00023772584972903132,,0.015656258910894394,,
2,3379,,,,0.0002465395664330572,,0.014586430974304676,,
2,3399,,,,0.00036607636138796806,,0.015915311872959137,,
2,3419,,,,0.00026680348673835397,,0.015818651765584946,,
2,3439,,,,0.00025460883625783026,,0.016163717955350876,,
2,3459,,,,0.00032857622136361897,,0.017167679965496063,,
2,3479,,,,0.0003552630078047514,,0.01761225424706936,,
2,3499,,,,0.0002832328900694847,,0.01631341688334942,,
2,3519,,,,0.0002501953858882189,,0.015907561406493187,,
2,3539,,,,0.00036051712231710553,,0.016026422381401062,,
2,3559,,,,0.00030413729837164283,,0.01701219752430916,,
2,3579,,,,0.0003252590831834823,,0.01679333671927452,,
2,3599,,,,0.00024361323448829353,,0.014658622443675995,,
2,3619,,,,0.0002563188027124852,,0.016507156193256378,,
2,3639,,,,0.00033371426980011165,,0.017356116324663162,,
2,3659,,,,0.00026588403852656484,,0.016302432864904404,,
2,3679,,,,0.00023929643793962896,,0.015398944728076458,,
2,3699,,,,0.00022519371123053133,,0.015433136373758316,,
2,3719,,,,0.0002455458452459425,,0.015658769756555557,,
2,3725,,,,,,,0.00015638484910596162,0.011968428269028664
2,3725,,,0.00028097545146010816,,0.015979865565896034,,,
3,3739,,,,0.000251417892286554,,0.015322960913181305,,
3,3759,,,,0.00025231519248336554,,0.015672245994210243,,
3,3779,,,,0.00022474075376521796,,0.014698052778840065,,
3,3799,,,,0.00022889362298883498,,0.015674171969294548,,
3,3819,,,,0.0003042070602532476,,0.016725115478038788,,
3,3839,,,,0.00022141420049592853,,0.014581549912691116,,
3,3859,,,,0.0010176973883062601,,0.017953306436538696,,
3,3879,,,,0.0002575740800239146,,0.016321811825037003,,
3,3899,,,,0.0003188332775607705,,0.017592772841453552,,
3,3919,,,,0.0002346614346606657,,0.015726767480373383,,
3,3939,,,,0.002632225165143609,,0.021871723234653473,,
3,3959,,,,0.00033917505061253905,,0.017232686281204224,,
3,3979,,,,0.0002984315506182611,,0.01677180826663971,,
3,3999,,,,0.0002650755341164768,,0.015992235392332077,,
3,4019,,,,0.00024443119764328003,,0.015800535678863525,,
3,4039,,,,0.0002645451168064028,,0.016218459233641624,,
3,4059,,,,0.00030261819483712316,,0.015917807817459106,,
3,4079,,,,0.00026129448087885976,,0.015733210369944572,,
3,4099,,,,0.0002589245850685984,,0.015934793278574944,,
3,4119,,,,0.0002612652606330812,,0.01601148396730423,,
3,4139,,,,0.0002118777483701706,,0.015119916759431362,,
3,4159,,,,0.00031506939558312297,,0.017918823286890984,,
3,4179,,,,0.0003155228041578084,,0.016635924577713013,,
3,4199,,,,0.0002682801568880677,,0.01636279746890068,,
3,4219,,,,0.00024636334273964167,,0.016102541238069534,,
3,4239,,,,0.0002864501147996634,,0.016305016353726387,,
3,4259,,,,0.0003532154078129679,,0.017989378422498703,,
3,4279,,,,0.0003125789517071098,,0.016828889027237892,,
3,4299,,,,0.00023834637249819934,,0.015649104490876198,,
3,4319,,,,0.00024619646137580276,,0.01598615013062954,,
3,4339,,,,0.00021191974519751966,,0.015016496181488037,,
3,4359,,,,0.00024198114988394082,,0.016028670594096184,,
3,4379,,,,0.00024201955238822848,,0.015830252319574356,,
3,4399,,,,0.0003711341414600611,,0.017599383369088173,,
3,4419,,,,0.0002227124641649425,,0.015233184210956097,,
3,4439,,,,0.0002714853617362678,,0.015908896923065186,,
3,4459,,,,0.0002595226396806538,,0.015943720936775208,,
3,4479,,,,0.0002818583743646741,,0.016372419893741608,,
3,4499,,,,0.00021845031005796045,,0.015311455354094505,,
3,4519,,,,0.00028515316080302,,0.015716854482889175,,
3,4539,,,,0.0002894144272431731,,0.016395393759012222,,
3,4559,,,,0.00025576003827154636,,0.015830840915441513,,
3,4579,,,,0.0002687489613890648,,0.016342271119356155,,
3,4599,,,,0.0002460437244735658,,0.016008080914616585,,
3,4619,,,,0.0002590393414720893,,0.015416632406413555,,
3,4639,,,,0.00022726741735823452,,0.015643686056137085,,
3,4659,,,,0.0002465908182784915,,0.015729719772934914,,
3,4679,,,,0.00027068040799349546,,0.016746148467063904,,
3,4699,,,,0.0002259315806441009,,0.015353633090853691,,
3,4719,,,,0.0002964443410746753,,0.016819801181554794,,
3,4739,,,,0.0003308551385998726,,0.017649801447987556,,
3,4759,,,,0.0002825358824338764,,0.016230886802077293,,
3,4779,,,,0.00025064568035304546,,0.015108313411474228,,
3,4799,,,,0.000271578726824373,,0.016151923686265945,,
3,4819,,,,0.00021291774464771152,,0.014848296530544758,,
3,4839,,,,0.0003012379165738821,,0.01592470332980156,,
3,4859,,,,0.00024310893786605448,,0.015251824632287025,,
3,4879,,,,0.0002103585284203291,,0.014640254899859428,,
3,4899,,,,0.0002787122502923012,,0.016331728547811508,,
3,4919,,,,0.0002269027754664421,,0.015297399833798409,,
3,4939,,,,0.00024992096587084234,,0.01544052455574274,,
3,4959,,,,0.00021979599841870368,,0.014510167762637138,,
3,4967,,,,,,,0.00015599108883179724,0.011961797252297401
3,4967,,,0.00027999235317111015,,0.015978096053004265,,,
4,4979,,,,0.00020598122500814497,,0.014337727800011635,,
4,4999,,,,0.00027550963568501174,,0.016252607107162476,,
4,5019,,,,0.0002738797338679433,,0.016612712293863297,,
4,5039,,,,0.00027962931198999286,,0.01693667843937874,,
4,5059,,,,0.00026253750547766685,,0.015706174075603485,,
4,5079,,,,0.00028742317226715386,,0.015850810334086418,,
4,5099,,,,0.00033601955510675907,,0.016426540911197662,,
4,5119,,,,0.00027170247631147504,,0.016129402443766594,,
4,5139,,,,0.00024829141329973936,,0.01537054032087326,,
4,5159,,,,0.0002829396689776331,,0.016109168529510498,,
4,5179,,,,0.001464162953197956,,0.019522426649928093,,
4,5199,,,,0.000219309440581128,,0.014833945780992508,,
4,5219,,,,0.000264049245743081,,0.015976637601852417,,
4,5239,,,,0.0002779806964099407,,0.01640060730278492,,
4,5259,,,,0.00019447086378932,,0.014755009673535824,,
4,5279,,,,0.00029477954376488924,,0.016247358173131943,,
4,5299,,,,0.00025366252521052957,,0.015961404889822006,,
4,5319,,,,0.00027969537768512964,,0.01602674275636673,,
4,5339,,,,0.0002640049497131258,,0.016273491084575653,,
4,5359,,,,0.0003185851965099573,,0.01633741706609726,,
4,5379,,,,0.0003081670729443431,,0.016902144998311996,,
4,5399,,,,0.00027763162506744266,,0.016664111986756325,,
4,5419,,,,0.0002878613886423409,,0.016530219465494156,,
4,5439,,,,0.00021500333969015628,,0.014615582302212715,,
4,5459,,,,0.00024727173149585724,,0.01551387831568718,,
4,5479,,,,0.00027236068854108453,,0.015420109033584595,,
4,5499,,,,0.00025867659132927656,,0.015661410987377167,,
4,5519,,,,0.00025449786335229874,,0.01602041907608509,,
4,5539,,,,0.00030038843397051096,,0.016307849436998367,,
4,5559,,,,0.00021926882618572563,,0.01486126147210598,,
4,5579,,,,0.00027296479674987495,,0.015969350934028625,,
4,5599,,,,0.0002509829355403781,,0.016036387532949448,,
4,5619,,,,0.0003017477283719927,,0.016588494181632996,,
4,5639,,,,0.000224554052692838,,0.014871176332235336,,
4,5659,,,,0.00022901376360096037,,0.015848038718104362,,
4,5679,,,,0.0002926360466517508,,0.017006974667310715,,
4,5699,,,,0.00024300535733345896,,0.014885129407048225,,
4,5719,,,,0.00023210195649880916,,0.015342580154538155,,
4,5739,,,,0.00022852075926493853,,0.0148544916883111,,
4,5759,,,,0.0002867354778572917,,0.01634054258465767,,
4,5779,,,,0.00021359568927437067,,0.014672720804810524,,
4,5799,,,,0.00033832871122285724,,0.01698596030473709,,
4,5819,,,,0.00027907988987863064,,0.016187993809580803,,
4,5839,,,,0.00029131368501111865,,0.01698381081223488,,
4,5859,,,,0.00026725901989266276,,0.016164951026439667,,
4,5879,,,,0.0002808012068271637,,0.01593713089823723,,
4,5899,,,,0.00025143398670479655,,0.016273226588964462,,
4,5919,,,,0.00032631721114739776,,0.017281699925661087,,
4,5939,,,,0.00027220352785661817,,0.015824301168322563,,
4,5959,,,,0.00022495990560855716,,0.014915848150849342,,
4,5979,,,,0.00029164727311581373,,0.01618705503642559,,
4,5999,,,,0.0002740661730058491,,0.015384972095489502,,
4,6019,,,,0.00029230472864583135,,0.01651872508227825,,
4,6039,,,,0.00023838317429181188,,0.01465039886534214,,
4,6059,,,,0.0002716673770919442,,0.015553133562207222,,
4,6079,,,,0.00021709402790293097,,0.01509080920368433,,
4,6099,,,,0.000272021337877959,,0.015584340319037437,,
4,6119,,,,0.00022567276027984917,,0.014890785329043865,,
4,6139,,,,0.0002606363268569112,,0.015949541702866554,,
4,6159,,,,0.0002730690757744014,,0.01588940992951393,,
4,6179,,,,0.0003032715176232159,,0.016343597322702408,,
4,6199,,,,0.0002741292119026184,,0.01615198701620102,,
4,6209,,,,,,,0.00015729301958344877,0.01197708211839199
4,6209,,,0.0002800507063511759,,0.015981826931238174,,,
5,6219,,,,0.00022315894602797925,,0.014807756058871746,,
5,6239,,,,0.0002955298114102334,,0.015773914754390717,,
5,6259,,,,0.00023022803361527622,,0.0149229159578681,,
5,6279,,,,0.00026873504975810647,,0.016029532998800278,,
5,6299,,,,0.000270308752078563,,0.016433924436569214,,
5,6319,,,,0.00024301180383190513,,0.0161124300211668,,
5,6339,,,,0.0002987921761814505,,0.016372591257095337,,
5,6359,,,,0.0002746007521636784,,0.016259435564279556,,
5,6379,,,,0.0002483551506884396,,0.01583392359316349,,
5,6399,,,,0.0002836740459315479,,0.016690541058778763,,
5,6419,,,,0.0003047174832317978,,0.016632037237286568,,
5,6439,,,,0.00020716231665574014,,0.014410537667572498,,
5,6459,,,,0.00019340563449077308,,0.014087785966694355,,
5,6479,,,,0.0004207146121188998,,0.01789919286966324,,
5,6499,,,,0.0002494542277418077,,0.015280604362487793,,
5,6519,,,,0.00034610339207574725,,0.016785647720098495,,
5,6539,,,,0.000262854911852628,,0.015883110463619232,,
5,6559,,,,0.0003785206354223192,,0.016993822529911995,,
5,6579,,,,0.0002597158891148865,,0.01540873572230339,,
5,6599,,,,0.0003445955808274448,,0.016495823860168457,,
5,6619,,,,0.00023759054602123797,,0.015544547699391842,,
5,6639,,,,0.0002524283481761813,,0.015949131920933723,,
5,6659,,,,0.00021581072360277176,,0.01496071182191372,,
5,6679,,,,0.0004139660159125924,,0.018696028739213943,,
5,6699,,,,0.00022861524485051632,,0.01541790459305048,,
5,6719,,,,0.00026186980539932847,,0.016325853765010834,,
5,6739,,,,0.0003064239281229675,,0.016823571175336838,,
5,6759,,,,0.00022812921088188887,,0.01506023295223713,,
5,6779,,,,0.0002691172994673252,,0.015936920419335365,,
5,6799,,,,0.00026928127044811845,,0.016759634017944336,,
5,6819,,,,0.0003046304336749017,,0.016354382038116455,,
5,6839,,,,0.00026823621010407805,,0.015780508518218994,,
5,6859,,,,0.0002510156773496419,,0.015626361593604088,,
5,6879,,,,0.00029635083046741784,,0.016048256307840347,,
5,6899,,,,0.00024829519679769874,,0.015506858006119728,,
5,6919,,,,0.0025466333609074354,,0.02043619193136692,,
5,6939,,,,0.00024987870710901916,,0.016482586041092873,,
5,6959,,,,0.0002234708663308993,,0.015310568735003471,,
5,6979,,,,0.00021657851175405085,,0.014480812475085258,,
5,6999,,,,0.000274715363048017,,0.016461046412587166,,
5,7019,,,,0.0002592792152427137,,0.015501855872571468,,
5,7039,,,,0.00030439940746873617,,0.01744838058948517,,
5,7059,,,,0.0003394574741832912,,0.016840767115354538,,
5,7079,,,,0.0002647359506227076,,0.01595880836248398,,
5,7099,,,,0.0002931354974862188,,0.016045523807406425,,
5,7119,,,,0.0003677114727906883,,0.01726190187036991,,
5,7139,,,,0.00025740318233147264,,0.015440715476870537,,
5,7159,,,,0.00023695308482274413,,0.014956694096326828,,
5,7179,,,,0.00023218638671096414,,0.014979664236307144,,
5,7199,,,,0.0002722626959439367,,0.015987645834684372,,
5,7219,,,,0.0002781956864055246,,0.016914434731006622,,
5,7239,,,,0.00024394826323259622,,0.016123902052640915,,
5,7259,,,,0.00021436813403852284,,0.015046948567032814,,
5,7279,,,,0.0002942157443612814,,0.01601746492087841,,
5,7299,,,,0.0002335605677217245,,0.01563379168510437,,
5,7319,,,,0.0003234061296097934,,0.017350196838378906,,
5,7339,,,,0.00022742773580830544,,0.01517222635447979,,
5,7359,,,,0.0003007515042554587,,0.016926070675253868,,
5,7379,,,,0.0002998802228830755,,0.016898568719625473,,
5,7399,,,,0.00017589188064448535,,0.01418444886803627,,
5,7419,,,,0.00018970885139424354,,0.01421056967228651,,
5,7439,,,,0.00026248354697600007,,0.016125641763210297,,
5,7451,,,,,,,0.00015587611414957792,0.011951402761042118
5,7451,,,0.0002800705551635474,,0.015982763841748238,,,
6,7459,,,,0.00036947301123291254,,0.017027314752340317,,
6,7479,,,,0.000317977974191308,,0.016430888324975967,,
6,7499,,,,0.00034794677048921585,,0.016966063529253006,,
6,7519,,,,0.0002973713562823832,,0.016928818076848984,,
6,7539,,,,0.00029826007084921,,0.01686808466911316,,
6,7559,,,,0.00026412366423755884,,0.015886124223470688,,
6,7579,,,,0.0003093588165938854,,0.01683630421757698,,
6,7599,,,,0.0002127039188053459,,0.01474246196448803,,
6,7619,,,,0.00032137398375198245,,0.016867265105247498,,
6,7639,,,,0.0002719356562010944,,0.015345952473580837,,
6,7659,,,,0.0002774642198346555,,0.016657553613185883,,
6,7679,,,,0.00022638816153630614,,0.015258241444826126,,
6,7699,,,,0.0002798802452161908,,0.016215387731790543,,
6,7719,,,,0.00021466916950885206,,0.014724204316735268,,
6,7739,,,,0.0003280012169852853,,0.016377819702029228,,
6,7759,,,,0.000276330130873248,,0.015929069370031357,,
6,7779,,,,0.00036346964770928025,,0.01724671572446823,,
6,7799,,,,0.00023402200895361602,,0.015459556132555008,,
6,7819,,,,0.00023425702238455415,,0.015518322587013245,,
6,7839,,,,0.0001987047289730981,,0.014795098453760147,,
6,7859,,,,0.00028910060063935816,,0.016437267884612083,,
6,7879,,,,0.00024278901400975883,,0.01569351740181446,,
6,7899,,,,0.00024466769536957145,,0.015645300969481468,,
6,7919,,,,0.0003059032023884356,,0.016969814896583557,,
6,7939,,,,0.00021469809871632606,,0.01517459750175476,,
6,7959,,,,0.0002195881970692426,,0.01489199697971344,,
6,7979,,,,0.00020659613073803484,,0.014636456966400146,,
6,7999,,,,0.00028877772274427116,,0.01710433140397072,,
6,8019,,,,0.00024156359722837806,,0.015258421190083027,,
6,8039,,,,0.00027361480169929564,,0.016382401809096336,,
6,8059,,,,0.00032559249666519463,,0.016738664358854294,,
6,8079,,,,0.00023323274217545986,,0.015580330975353718,,
6,8099,,,,0.0002952811191789806,,0.015786070376634598,,
6,8119,,,,0.0006369921029545367,,0.017306404188275337,,
6,8139,,,,0.0002703263016883284,,0.015275103971362114,,
6,8159,,,,0.0002999532734975219,,0.016518814489245415,,
6,8179,,,,0.00027059693820774555,,0.0163271501660347,,
6,8199,,,,0.00023985882580745965,,0.015559060499072075,,
6,8219,,,,0.0002505453594494611,,0.01500414777547121,,
6,8239,,,,0.00026964471908286214,,0.01595175638794899,,
6,8259,,,,0.00022693895152769983,,0.015038978308439255,,
6,8279,,,,0.00028162996750324965,,0.016785062849521637,,
6,8299,,,,0.0002798818168230355,,0.016120150685310364,,
6,8319,,,,0.0002690086839720607,,0.015493040904402733,,
6,8339,,,,0.00030261120991781354,,0.015988577157258987,,
6,8359,,,,0.0002952237846329808,,0.016322985291481018,,
6,8379,,,,0.00030549755319952965,,0.016726519912481308,,
6,8399,,,,0.0002522560826037079,,0.016126301139593124,,
6,8419,,,,0.00026990746846422553,,0.015620114281773567,,
6,8439,,,,0.0002903080312535167,,0.01630418375134468,,
6,8459,,,,0.00025938896578736603,,0.015473918989300728,,
6,8479,,,,0.0003256985219195485,,0.015875570476055145,,
6,8499,,,,0.0003800016129389405,,0.016759395599365234,,
6,8519,,,,0.00022240678663365543,,0.014896748587489128,,
6,8539,,,,0.00025107679539360106,,0.01624106988310814,,
6,8559,,,,0.000283094123005867,,0.016473112627863884,,
6,8579,,,,0.00027788427541963756,,0.015529068186879158,,
6,8599,,,,0.0002506008604541421,,0.015374233014881611,,
6,8619,,,,0.000408788095228374,,0.01724449172616005,,
6,8639,,,,0.0004315048863645643,,0.01870865374803543,,
6,8659,,,,0.0002328941918676719,,0.01558958925306797,,
6,8679,,,,0.00024359559756703675,,0.015235918574035168,,
6,8693,,,,,,,0.00015617634926456958,0.01196268480271101
6,8693,,,0.00028006109641864896,,0.015983473509550095,,,
7,8699,,,,0.00029210670618340373,,0.0160711407661438,,
7,8719,,,,0.00023793158470652997,,0.015083718113601208,,
7,8739,,,,0.000268265517661348,,0.016145197674632072,,
7,8759,,,,0.0002540515852160752,,0.015880398452281952,,
7,8779,,,,0.0002413653419353068,,0.01619616150856018,,
7,8799,,,,0.0003269311273470521,,0.017183616757392883,,
7,8819,,,,0.00024124346964526922,,0.015574689954519272,,
7,8839,,,,0.0002879283856600523,,0.015880810096859932,,
7,8859,,,,0.00023376870376523584,,0.016007669270038605,,
7,8879,,,,0.00034041947219520807,,0.017846377566456795,,
7,8899,,,,0.0002992436056956649,,0.015194674953818321,,
7,8919,,,,0.0002512254286557436,,0.015829192474484444,,
7,8939,,,,0.00024651354760862887,,0.015792610123753548,,
7,8959,,,,0.0003191482392139733,,0.01726512983441353,,
7,8979,,,,0.0003097029111813754,,0.015519917011260986,,
7,8999,,,,0.0003076214634347707,,0.016644008457660675,,
7,9019,,,,0.00023681865422986448,,0.015223108232021332,,
7,9039,,,,0.0002529321063775569,,0.014902675524353981,,
7,9059,,,,0.0003189135459251702,,0.017049385234713554,,
7,9079,,,,0.0003323092241771519,,0.016920987516641617,,
7,9099,,,,0.00022144665126688778,,0.015100260265171528,,
7,9119,,,,0.00023309516836889088,,0.01485801674425602,,
7,9139,,,,0.00026277906727045774,,0.015978550538420677,,
7,9159,,,,0.00030068139312788844,,0.016276119276881218,,
7,9179,,,,0.0002868110022973269,,0.016777019947767258,,
7,9199,,,,0.00023602382862009108,,0.01498603355139494,,
7,9219,,,,0.00028982508229091763,,0.01571471616625786,,
7,9239,,,,0.00031597830820828676,,0.01690031588077545,,
7,9259,,,,0.0002763640077318996,,0.017015982419252396,,
7,9279,,,,0.00023207321646623313,,0.0155302993953228,,
7,9299,,,,0.0002713135036174208,,0.015999827533960342,,
7,9319,,,,0.00024268438573926687,,0.016404304653406143,,
7,9339,,,,0.00025200299569405615,,0.015218816697597504,,
7,9359,,,,0.0003099813766311854,,0.01611226797103882,,
7,9379,,,,0.00028252328047528863,,0.016434691846370697,,
7,9399,,,,0.0002286532981088385,,0.015119126066565514,,
7,9419,,,,0.00019685992447193712,,0.01404678076505661,,
7,9439,,,,0.00028303032740950584,,0.01557043008506298,,
7,9459,,,,0.00025346403708681464,,0.015730272978544235,,
7,9479,,,,0.00021754720364697278,,0.014965035021305084,,
7,9499,,,,0.0002727500977925956,,0.016809407621622086,,
7,9519,,,,0.0002669075329322368,,0.016204891726374626,,
7,9539,,,,0.0002753763983491808,,0.016559980809688568,,
7,9559,,,,0.0002679018070921302,,0.016700487583875656,,
7,9579,,,,0.00027394521748647094,,0.016333449631929398,,
7,9599,,,,0.00027858783141709864,,0.015638496726751328,,
7,9619,,,,0.00024072572705335915,,0.01596028357744217,,
7,9639,,,,0.0002718886826187372,,0.016160324215888977,,
7,9659,,,,0.0002470947219990194,,0.015460307709872723,,
7,9679,,,,0.00022080204507801682,,0.014955383725464344,,
7,9699,,,,0.000209300487767905,,0.014813518151640892,,
7,9719,,,,0.0002435445785522461,,0.015338694676756859,,
7,9739,,,,0.0002894994686357677,,0.015630755573511124,,
7,9759,,,,0.00022699942928738892,,0.015325840562582016,,
7,9779,,,,0.00032470698351971805,,0.016427431255578995,,
7,9799,,,,0.00037171575240790844,,0.01643284596502781,,
7,9819,,,,0.00038924848195165396,,0.016802581027150154,,
7,9839,,,,0.00032647157786414027,,0.01633346453309059,,
7,9859,,,,0.00028325774474069476,,0.01667914167046547,,
7,9879,,,,0.00027703825617209077,,0.01606174185872078,,
7,9899,,,,0.0002552857913542539,,0.01529468223452568,,
7,9919,,,,0.0002609416260384023,,0.016732996329665184,,
7,9935,,,,,,,0.00015549169620499015,0.011959651485085487
7,9935,,,0.0002800534130074084,,0.0159827321767807,,,
8,9939,,,,0.00022132863523438573,,0.014844282530248165,,
8,9959,,,,0.00032033788738772273,,0.01626209169626236,,
8,9979,,,,0.00024032717919908464,,0.015245703049004078,,
8,9999,,,,0.0002852277539204806,,0.0162876695394516,,
8,10019,,,,0.00031701591797173023,,0.01617349684238434,,
8,10039,,,,0.0014233762631192803,,0.01879788190126419,,
8,10059,,,,0.00030682003125548363,,0.01671433076262474,,
8,10079,,,,0.00027030418277718127,,0.015106525272130966,,
8,10099,,,,0.00024327832215931267,,0.015269845724105835,,
8,10119,,,,0.0002230717655038461,,0.015194522216916084,,
8,10139,,,,0.0002526534372009337,,0.015352179296314716,,
8,10159,,,,0.00024242204381152987,,0.015904325991868973,,
8,10179,,,,0.00024214887525886297,,0.015678666532039642,,
8,10199,,,,0.0003423467860557139,,0.01832299306988716,,
8,10219,,,,0.0003274112823419273,,0.01733257621526718,,
8,10239,,,,0.00024812400806695223,,0.015246527269482613,,
8,10259,,,,0.0002829834702424705,,0.016189998015761375,,
8,10279,,,,0.00029605376766994596,,0.016320277005434036,,
8,10299,,,,0.00026039089425466955,,0.015878697857260704,,
8,10319,,,,0.0002507437893655151,,0.015952326357364655,,
8,10339,,,,0.0002773831656668335,,0.016070224344730377,,
8,10359,,,,0.00029392685974016786,,0.016914263367652893,,
8,10379,,,,0.0002429480809951201,,0.01603919453918934,,
8,10399,,,,0.0002647946821525693,,0.014393391087651253,,
8,10419,,,,0.0002632142277434468,,0.015185005962848663,,
8,10439,,,,0.0002685228828340769,,0.016539590433239937,,
8,10459,,,,0.0002167930651921779,,0.01513602677732706,,
8,10479,,,,0.00027366544236429036,,0.01624579355120659,,
8,10499,,,,0.00024554732954129577,,0.01526983454823494,,
8,10519,,,,0.0002659430028870702,,0.01610512286424637,,
8,10539,,,,0.0002823646937031299,,0.015790637582540512,,
8,10559,,,,0.00019571742450352758,,0.014691250398755074,,
8,10579,,,,0.0002619766746647656,,0.016009464859962463,,
8,10599,,,,0.0002575440739747137,,0.016383586451411247,,
8,10619,,,,0.0002571886871010065,,0.01583261415362358,,
8,10639,,,,0.0005457339575514197,,0.016659826040267944,,
8,10659,,,,0.00022371574596036226,,0.014763755723834038,,
8,10679,,,,0.00032831160933710635,,0.016272995620965958,,
8,10699,,,,0.0003293648187536746,,0.017111027613282204,,
8,10719,,,,0.0002444300916977227,,0.015107184648513794,,
8,10739,,,,0.00034056970616802573,,0.016010679304599762,,
8,10759,,,,0.0003038490249309689,,0.01603146828711033,,
8,10779,,,,0.00028279260732233524,,0.016344934701919556,,
8,10799,,,,0.0003198555205017328,,0.016546519473195076,,
8,10819,,,,0.00027718860656023026,,0.016326162964105606,,
8,10839,,,,0.00035333613050170243,,0.017735501751303673,,
8,10859,,,,0.00037123984657227993,,0.017043590545654297,,
8,10879,,,,0.00028432407998479903,,0.01614636741578579,,
8,10899,,,,0.0003129140241071582,,0.016605962067842484,,
8,10919,,,,0.0009739612578414381,,0.016893308609724045,,
8,10939,,,,0.00024730461882427335,,0.01522880606353283,,
8,10959,,,,0.00023005525872576982,,0.014677954837679863,,
8,10979,,,,0.00032350432593375444,,0.01680329628288746,,
8,10999,,,,0.00030317078926600516,,0.016392119228839874,,
8,11019,,,,0.0002659001329448074,,0.01554175652563572,,
8,11039,,,,0.00022919499315321445,,0.015807081013917923,,
8,11059,,,,0.00025035906583070755,,0.015565807931125164,,
8,11079,,,,0.0003075125569012016,,0.015415132977068424,,
8,11099,,,,0.0002744185330811888,,0.015402784571051598,,
8,11119,,,,0.0003376950335223228,,0.01754465326666832,,
8,11139,,,,0.0003378799883648753,,0.01752132549881935,,
8,11159,,,,0.00027700228383764625,,0.016863275319337845,,
8,11177,,,,,,,0.0001543355465400964,0.011937345378100872
8,11177,,,0.0002800770162139088,,0.0159837044775486,,,
9,11179,,,,0.000257609091931954,,0.015627160668373108,,
9,11199,,,,0.00027267768746241927,,0.015999428927898407,,
9,11219,,,,0.0002543417504057288,,0.015788372606039047,,
9,11239,,,,0.00023306671937461942,,0.015302591025829315,,
9,11259,,,,0.00034541095374152064,,0.017668679356575012,,
9,11279,,,,0.0003095387073699385,,0.01573309116065502,,
9,11299,,,,0.00030171501566655934,,0.017185576260089874,,
9,11319,,,,0.00021151540568098426,,0.015286955051124096,,
9,11339,,,,0.00020803872030228376,,0.015184747986495495,,
9,11359,,,,0.0002364128886256367,,0.015113038942217827,,
9,11379,,,,0.0002802307135425508,,0.015978729352355003,,
9,11399,,,,0.00022329883358906955,,0.014843721874058247,,
9,11419,,,,0.00026239088037982583,,0.016164738684892654,,
9,11439,,,,0.0002982956066261977,,0.01662248559296131,,
9,11459,,,,0.00025994115276262164,,0.015615973621606827,,
9,11479,,,,0.00020862140809185803,,0.014379924163222313,,
9,11499,,,,0.00022468750830739737,,0.015198616310954094,,
9,11519,,,,0.0003103113267570734,,0.01712651550769806,,
9,11539,,,,0.000213457562495023,,0.015240004286170006,,
9,11559,,,,0.0002547406475059688,,0.016117941588163376,,
9,11579,,,,0.0003388116310816258,,0.016817186027765274,,
9,11599,,,,0.00034940510522574186,,0.016820518299937248,,
9,11619,,,,0.00021889070922043175,,0.015221755020320415,,
9,11639,,,,0.00030078773852437735,,0.01657559722661972,,
9,11659,,,,0.00027292539016343653,,0.01584518887102604,,
9,11679,,,,0.000270723772700876,,0.015385909005999565,,
9,11699,,,,0.0002670412650331855,,0.0160258486866951,,
9,11719,,,,0.00030643833451904356,,0.016588181257247925,,
9,11739,,,,0.0002475935034453869,,0.015617452561855316,,
9,11759,,,,0.000307501875795424,,0.016141869127750397,,
9,11779,,,,0.00020618923008441925,,0.014890575781464577,,
9,11799,,,,0.0002549464988987893,,0.015844518318772316,,
9,11819,,,,0.00025706467567943037,,0.015550004318356514,,
9,11839,,,,0.0002285508526256308,,0.014932906255126,,
9,11859,,,,0.00023748044623062015,,0.015774855390191078,,
9,11879,,,,0.00029143167193979025,,0.016361860558390617,,
9,11899,,,,0.0002798939240165055,,0.015708673745393753,,
9,11919,,,,0.00022825700580142438,,0.015410350635647774,,
9,11939,,,,0.00026514264754951,,0.016126500442624092,,
9,11959,,,,0.0003595342568587512,,0.017138857394456863,,
9,11979,,,,0.0002601462765596807,,0.01664920523762703,,
9,11999,,,,0.0002843104302883148,,0.014745280146598816,,
9,12019,,,,0.00022931123385205865,,0.015737613663077354,,
9,12039,,,,0.00027014268562197685,,0.015588783659040928,,
9,12059,,,,0.00035969563759863377,,0.0163862481713295,,
9,12079,,,,0.00023020767548587173,,0.01576879806816578,,
9,12099,,,,0.00024142125039361417,,0.014826400205492973,,
9,12119,,,,0.00023925650748424232,,0.015251906588673592,,
9,12139,,,,0.00023753738787490875,,0.0155527014285326,,
9,12159,,,,0.00020811583090107888,,0.014794627204537392,,
9,12179,,,,0.0003207529953215271,,0.017043186351656914,,
9,12199,,,,0.0002558306441642344,,0.01677098125219345,,
9,12219,,,,0.00027984671760350466,,0.015953149646520615,,
9,12239,,,,0.0002383448154432699,,0.015367716550827026,,
9,12259,,,,0.0002700780751183629,,0.015361951664090157,,
9,12279,,,,0.00029132908093743026,,0.015806030482053757,,
9,12299,,,,0.000288234994513914,,0.01613999530673027,,
9,12319,,,,0.00023413776943925768,,0.015822796151041985,,
9,12339,,,,0.00020059087546542287,,0.014563752338290215,,
9,12359,,,,0.0002555685641709715,,0.01621721126139164,,
9,12379,,,,0.00023893825709819794,,0.014887338504195213,,
9,12399,,,,0.0004286533803679049,,0.0167318694293499,,
9,12419,,,,0.0003537940501701087,,0.017289763316512108,,
9,12419,,,,,,,0.00015333174087572843,0.011918329633772373
9,12419,,,0.0002800270449370146,,0.01598103903234005,,,
10,12439,,,,0.00024436702369712293,,0.014965830370783806,,
10,12459,,,,0.0003666828270070255,,0.017529413104057312,,
10,12479,,,,0.00023307102674152702,,0.015764445066452026,,
10,12499,,,,0.0003410268109291792,,0.016998235136270523,,
10,12519,,,,0.00024667600519023836,,0.01518065482378006,,
10,12539,,,,0.0003085817734245211,,0.017133427783846855,,
10,12559,,,,0.0002160384028684348,,0.014824206940829754,,
10,12579,,,,0.00023842448717914522,,0.015456520020961761,,
10,12599,,,,0.00028684723656624556,,0.016518717631697655,,
10,12619,,,,0.0003243252285756171,,0.01625894382596016,,
10,12639,,,,0.00022410064411815256,,0.015603277832269669,,
10,12659,,,,0.0003249688306823373,,0.01664348691701889,,
10,12679,,,,0.00027954301913268864,,0.016696803271770477,,
10,12699,,,,0.0003039641887880862,,0.016754034906625748,,
10,12719,,,,0.00028882111655548215,,0.016296295449137688,,
10,12739,,,,0.0002816712949424982,,0.016724735498428345,,
10,12759,,,,0.00031465274514630437,,0.016666129231452942,,
10,12779,,,,0.0002763046359177679,,0.016149867326021194,,
10,12799,,,,0.0002550960925873369,,0.016038469970226288,,
10,12819,,,,0.00024940675939433277,,0.015331758186221123,,
10,12839,,,,0.00024758841027505696,,0.015850970521569252,,
10,12859,,,,0.00020804235828109086,,0.014527222141623497,,
10,12879,,,,0.00024141324684023857,,0.014667825773358345,,
10,12899,,,,0.00027172203408554196,,0.01513332687318325,,
10,12919,,,,0.0002853015612345189,,0.016464337706565857,,
10,12939,,,,0.0002795305335894227,,0.015798456966876984,,
10,12959,,,,0.00032664788886904716,,0.017422452569007874,,
10,12979,,,,0.00022914134024176747,,0.01448853686451912,,
10,12999,,,,0.00024582212790846825,,0.015336547046899796,,
10,13019,,,,0.0002053913485724479,,0.014137051068246365,,
10,13039,,,,0.00019316458201501518,,0.014176566153764725,,
10,13059,,,,0.0003136532905045897,,0.01700451225042343,,
10,13079,,,,0.00023976690135896206,,0.01587102934718132,,
10,13099,,,,0.00024143021437339485,,0.0159597210586071,,
10,13119,,,,0.00029251017258502543,,0.016418423503637314,,
10,13139,,,,0.0002951669739559293,,0.01732979342341423,,
10,13159,,,,0.0002462027478031814,,0.015450522303581238,,
10,13179,,,,0.00030294182943180203,,0.016617868095636368,,
10,13199,,,,0.0002333141164854169,,0.015754427760839462,,
10,13219,,,,0.0003111808327957988,,0.01685640588402748,,
10,13239,,,,0.0002537297841627151,,0.015713009983301163,,
10,13259,,,,0.0002713444991968572,,0.01616899110376835,,
10,13279,,,,0.0002222432813141495,,0.015288332477211952,,
10,13299,,,,0.00030447239987552166,,0.016343429684638977,,
10,13319,,,,0.00023918846272863448,,0.015295781195163727,,
10,13339,,,,0.0002710804692469537,,0.015729211270809174,,
10,13359,,,,0.000244456110522151,,0.015887850895524025,,
10,13379,,,,0.0005125186289660633,,0.016783926635980606,,
10,13399,,,,0.0003041172749362886,,0.016371380537748337,,
10,13419,,,,0.0002459614188410342,,0.015655849128961563,,
10,13439,,,,0.00023199626593850553,,0.015404564328491688,,
10,13459,,,,0.00024730016593821347,,0.015800779685378075,,
10,13479,,,,0.0002398673095740378,,0.015192247927188873,,
10,13499,,,,0.00023232786043081433,,0.015226487070322037,,
10,13519,,,,0.00023427432461176068,,0.0148637555539608,,
10,13539,,,,0.0002593480166979134,,0.01619550585746765,,
10,13559,,,,0.00040144368540495634,,0.018351566046476364,,
10,13579,,,,0.00030320545192807913,,0.01676081493496895,,
10,13599,,,,0.0002381863014306873,,0.015610257163643837,,
10,13619,,,,0.00022117135813459754,,0.015303228050470352,,
10,13639,,,,0.00022309493215288967,,0.015454326756298542,,
10,13659,,,,0.00023110673646442592,,0.01569395512342453,,
10,13661,,,,,,,0.00015271887241397053,0.011884246952831745
10,13661,,,0.0002800817310344428,,0.015983883291482925,,,
11,13679,,,,0.0002654662530403584,,0.01580827869474888,,
11,13699,,,,0.00023751547269057482,,0.014872778207063675,,
11,13719,,,,0.0014291869010776281,,0.018453150987625122,,
11,13739,,,,0.00023718869488220662,,0.015589047223329544,,
11,13759,,,,0.0002961816790048033,,0.01673875004053116,,
11,13779,,,,0.0002225969365099445,,0.015290165320038795,,
11,13799,,,,0.0002745803212746978,,0.015513990074396133,,
11,13819,,,,0.00024383768322877586,,0.015880342572927475,,
11,13839,,,,0.00032597134122624993,,0.017377285286784172,,
11,13859,,,,0.00020266333012841642,,0.014060981571674347,,
11,13879,,,,0.00025222511612810194,,0.01608048938214779,,
11,13899,,,,0.00024365592980757356,,0.014465924352407455,,
11,13919,,,,0.00025357125559821725,,0.015850063413381577,,
11,13939,,,,0.0002869481686502695,,0.016682729125022888,,
11,13959,,,,0.0002895359939429909,,0.01634177565574646,,
11,13979,,,,0.00026858606724999845,,0.016172239556908607,,
11,13999,,,,0.0003290741587989032,,0.017204683274030685,,
11,14019,,,,0.00023528609017375857,,0.015008397400379181,,
11,14039,,,,0.00026520402752794325,,0.01609688252210617,,
11,14059,,,,0.0003886242920998484,,0.017479833215475082,,
11,14079,,,,0.0002147605555364862,,0.014627587050199509,,
11,14099,,,,0.0002809269353747368,,0.015508852899074554,,
11,14119,,,,0.0002579906431492418,,0.015491379424929619,,
11,14139,,,,0.00029159768018871546,,0.016974952071905136,,
11,14159,,,,0.00029533711494877934,,0.01696091517806053,,
11,14179,,,,0.00025056826416403055,,0.01594904065132141,,
11,14199,,,,0.0002574985264800489,,0.015425554476678371,,
11,14219,,,,0.0002848281874321401,,0.01683293655514717,,
11,14239,,,,0.00024182726338040084,,0.015429794788360596,,
11,14259,,,,0.000252923317020759,,0.016249224543571472,,
11,14279,,,,0.0002764557139016688,,0.01596095971763134,,
11,14299,,,,0.0002762897056527436,,0.01707047037780285,,
11,14319,,,,0.0002440611569909379,,0.015605135820806026,,
11,14339,,,,0.00028476747684180737,,0.016069985926151276,,
11,14359,,,,0.00024842104176059365,,0.01602134294807911,,
11,14379,,,,0.00026337450253777206,,0.01599300652742386,,
11,14399,,,,0.00027303205570206046,,0.016822688281536102,,
11,14419,,,,0.00023530500766355544,,0.015042767859995365,,
11,14439,,,,0.0002749176346696913,,0.016120504587888718,,
11,14459,,,,0.0002505295560695231,,0.015898866578936577,,
11,14479,,,,0.0002885760914068669,,0.016427934169769287,,
11,14499,,,,0.00027240460622124374,,0.016583062708377838,,
11,14519,,,,0.0003087433578912169,,0.01748773083090782,,
11,14539,,,,0.0002774761524051428,,0.015813417732715607,,
11,14559,,,,0.0002636791905388236,,0.01606304943561554,,
11,14579,,,,0.00028568951529450715,,0.016501909121870995,,
11,14599,,,,0.00027479539858177304,,0.015873851254582405,,
11,14619,,,,0.0002444519195705652,,0.01579343155026436,,
11,14639,,,,0.00019121647346764803,,0.01418423280119896,,
11,14659,,,,0.0003161216154694557,,0.017193274572491646,,
11,14679,,,,0.00029156761593185365,,0.016368191689252853,,
11,14699,,,,0.00019999436335638165,,0.01437191478908062,,
11,14719,,,,0.00023338143364526331,,0.014913850463926792,,
11,14739,,,,0.0002287770330440253,,0.014988279901444912,,
11,14759,,,,0.0002431337343296036,,0.015983525663614273,,
11,14779,,,,0.0002448063460178673,,0.016027512028813362,,
11,14799,,,,0.00022690485639031976,,0.01554328203201294,,
11,14819,,,,0.00024043214216362685,,0.015013000927865505,,
11,14839,,,,0.00023297715233638883,,0.015327836386859417,,
11,14859,,,,0.0002484101860318333,,0.015679804608225822,,
11,14879,,,,0.0002742863434832543,,0.01633058860898018,,
11,14899,,,,0.0002953692455776036,,0.016044981777668,,
11,14903,,,,,,,0.00015232102305162698,0.011871679686009884
11,14903,,,0.0003233800525777042,,0.01647634617984295,,,
12,14919,,,,0.0002998117415700108,,0.01649346761405468,,
12,14939,,,,0.00023803935619071126,,0.015765473246574402,,
12,14959,,,,0.0003374661901034415,,0.017251282930374146,,
12,14979,,,,0.00024599622702226043,,0.01565353386104107,,
12,14999,,,,0.00036209612153470516,,0.01700659468770027,,
12,15019,,,,0.0003111379046458751,,0.0173427052795887,,
12,15039,,,,0.00023419197532348335,,0.015255151316523552,,
12,15059,,,,0.0002443556149955839,,0.015622541308403015,,
12,15079,,,,0.0003061758179683238,,0.016993215307593346,,
12,15099,,,,0.0002512197243049741,,0.015876810997724533,,
12,15119,,,,0.00026626154431141913,,0.016690745949745178,,
12,15139,,,,0.0002861549146473408,,0.016144007444381714,,
12,15159,,,,0.00030114169931039214,,0.01721978560090065,,
12,15179,,,,0.00031395157566294074,,0.015975605696439743,,
12,15199,,,,0.0002456789661664516,,0.01569066382944584,,
12,15219,,,,0.0002782242954708636,,0.015808161348104477,,
12,15239,,,,0.0003183701483067125,,0.016288425773382187,,
12,15259,,,,0.00041616958333179355,,0.017499219626188278,,
12,15279,,,,0.000288138457108289,,0.015837984159588814,,
12,15299,,,,0.00028362779994495213,,0.01580067351460457,,
12,15319,,,,0.0002753147855401039,,0.015363147482275963,,
12,15339,,,,0.00021899148123338819,,0.01430089958012104,,
12,15359,,,,0.00019970790890511125,,0.014502137899398804,,
12,15379,,,,0.0003194974851794541,,0.016613520681858063,,
12,15399,,,,0.0002490654878783971,,0.016520708799362183,,
12,15419,,,,0.00020279955060686916,,0.014084162190556526,,
12,15439,,,,0.0001983735419344157,,0.014570560306310654,,
12,15459,,,,0.000230841658776626,,0.014774585142731667,,
12,15479,,,,0.0002572141820564866,,0.015452895313501358,,
12,15499,,,,0.0003639885690063238,,0.01773053966462612,,
12,15519,,,,0.00027738866629078984,,0.01600762829184532,,
12,15539,,,,0.00030221138149499893,,0.016553489491343498,,
12,15559,,,,0.00024280087382066995,,0.015418683178722858,,
12,15579,,,,0.0002741411735769361,,0.015853891149163246,,
12,15599,,,,0.0002502284769434482,,0.016219735145568848,,
12,15619,,,,0.00033682637149468064,,0.017211686819791794,,
12,15639,,,,0.0002866944414563477,,0.016231700778007507,,
12,15659,,,,0.00026157734100706875,,0.01636524125933647,,
12,15679,,,,0.00021498330170288682,,0.014432591386139393,,
12,15699,,,,0.00021652929717674851,,0.015030165202915668,,
12,15719,,,,0.0002707007806748152,,0.016323337331414223,,
12,15739,,,,0.00023782193602528423,,0.015873335301876068,,
12,15759,,,,0.00023672168026678264,,0.014975501224398613,,
12,15779,,,,0.0002795193868223578,,0.016183283179998398,,
12,15799,,,,0.0002832139143720269,,0.016338495537638664,,
12,15819,,,,0.00024846443557180464,,0.015822414308786392,,
12,15839,,,,0.000356605596607551,,0.016569148749113083,,
12,15859,,,,0.0001953322789631784,,0.013953892514109612,,
12,15879,,,,0.00023009488359093666,,0.015048819594085217,,
12,15899,,,,0.00030068971682339907,,0.016435973346233368,,
12,15919,,,,0.0002935600932687521,,0.01542656496167183,,
12,15939,,,,0.0003256839991081506,,0.016359291970729828,,
12,15959,,,,0.00033885371522046626,,0.016700543463230133,,
12,15979,,,,0.00024124723859131336,,0.016039397567510605,,
12,15999,,,,0.0003104906063526869,,0.016186965629458427,,
12,16019,,,,0.00030125051853246987,,0.017122097313404083,,
12,16039,,,,0.00027486958424560726,,0.016727222129702568,,
12,16059,,,,0.00024615589063614607,,0.015607202425599098,,
12,16079,,,,0.0002279080217704177,,0.015325801447033882,,
12,16099,,,,0.00029198770062066615,,0.016339872032403946,,
12,16119,,,,0.00028269196627661586,,0.016107210889458656,,
12,16139,,,,0.0002444128040224314,,0.015517869032919407,,
12,16145,,,,,,,0.00015222917136270553,0.011874709278345108
12,16145,,,0.0002799044596031308,,0.015976039692759514,,,
13,16159,,,,0.0016200358513742685,,0.01788996160030365,,
13,16179,,,,0.0002636131248436868,,0.015372838824987411,,
13,16199,,,,0.00024571045651100576,,0.015687406063079834,,
13,16219,,,,0.0002489310863893479,,0.0159875750541687,,
13,16239,,,,0.00024228633265011013,,0.015971774235367775,,
13,16259,,,,0.00022966833785176277,,0.01589307375252247,,
13,16279,,,,0.0002999331336468458,,0.01648128032684326,,
13,16299,,,,0.0009017622796818614,,0.022081319242715836,,
13,16319,,,,0.00028586239204742014,,0.016756732016801834,,
13,16339,,,,0.0003025094629265368,,0.017073746770620346,,
13,16359,,,,0.0002880854590330273,,0.016785748302936554,,
13,16379,,,,0.00024192334967665374,,0.015171457082033157,,
13,16399,,,,0.0002296851307619363,,0.014428135007619858,,
13,16419,,,,0.0003341244882903993,,0.01772879809141159,,
13,16439,,,,0.00022773123055230826,,0.015263315290212631,,
13,16459,,,,0.0003423320595175028,,0.016727108508348465,,
13,16479,,,,0.00034408544888719916,,0.017032040283083916,,
13,16499,,,,0.0002527614124119282,,0.015272270888090134,,
13,16519,,,,0.00027209531981498003,,0.015849463641643524,,
13,16539,,,,0.0002955338859464973,,0.01576618105173111,,
13,16559,,,,0.0003022148157469928,,0.016416102647781372,,
13,16579,,,,0.00023868818243499845,,0.01545283105224371,,
13,16599,,,,0.0002450885367579758,,0.01512614544481039,,
13,16619,,,,0.00021262277732603252,,0.014851353131234646,,
13,16639,,,,0.00024955865228548646,,0.01486464124172926,,
13,16659,,,,0.0002731442218646407,,0.01607207953929901,,
13,16679,,,,0.0002521724090911448,,0.015764780342578888,,
13,16699,,,,0.00028921884950250387,,0.0166421327739954,,
13,16719,,,,0.000304952438455075,,0.016197318211197853,,
13,16739,,,,0.000261373003013432,,0.0162067674100399,,
13,16759,,,,0.0003128024691250175,,0.016642514616250992,,
13,16779,,,,0.0002980385615956038,,0.01643604412674904,,
13,16799,,,,0.00026283605257049203,,0.016702942550182343,,
13,16819,,,,0.00026539454120211303,,0.016424542292952538,,
13,16839,,,,0.0002607421774882823,,0.016132425516843796,,
13,16859,,,,0.00021992607798893005,,0.014978809282183647,,
13,16879,,,,0.00025827367790043354,,0.015686318278312683,,
13,16899,,,,0.00019150145817548037,,0.014190470799803734,,
13,16919,,,,0.000247529533226043,,0.01527453400194645,,
13,16939,,,,0.0003717431682161987,,0.01763324625790119,,
13,16959,,,,0.00031860574381425977,,0.01715276762843132,,
13,16979,,,,0.00025546536198817194,,0.01618589088320732,,
13,16999,,,,0.00022492976859211922,,0.015614510513842106,,
13,17019,,,,0.00020120933186262846,,0.014984014444053173,,
13,17039,,,,0.0003143562644254416,,0.015933537855744362,,
13,17059,,,,0.00028862853650934994,,0.017002765089273453,,
13,17079,,,,0.00023155534290708601,,0.015211575664579868,,
13,17099,,,,0.0002894714125432074,,0.016406521201133728,,
13,17119,,,,0.00028110650600865483,,0.015663769096136093,,
13,17139,,,,0.00031796356779523194,,0.016114642843604088,,
13,17159,,,,0.0002884713467210531,,0.016667349264025688,,
13,17179,,,,0.00031420658342540264,,0.017233960330486298,,
13,17199,,,,0.0002480621915310621,,0.01568007469177246,,
13,17219,,,,0.0002885741414502263,,0.01633358933031559,,
13,17239,,,,0.0002644747728481889,,0.014906723983585835,,
13,17259,,,,0.0003044393961317837,,0.016490552574396133,,
13,17279,,,,0.0010191177716478705,,0.01747734472155571,,
13,17299,,,,0.0003114267601631582,,0.0160212442278862,,
13,17319,,,,0.00026702540344558656,,0.01582556962966919,,
13,17339,,,,0.00027604002389125526,,0.016056403517723083,,
13,17359,,,,0.00025363772874698043,,0.015275213867425919,,
13,17379,,,,0.000324181659379974,,0.017075013369321823,,
13,17387,,,,,,,0.0001521869853604585,0.011876475065946579
13,17387,,,0.0002805835974868387,,0.01598440296947956,,,
14,17399,,,,0.00025976618053391576,,0.01604567840695381,,
14,17419,,,,0.0002783446980174631,,0.01637651026248932,,
14,17439,,,,0.0002900937106460333,,0.016264069825410843,,
14,17459,,,,0.0002406691201031208,,0.01509534940123558,,
14,17479,,,,0.00038071477320045233,,0.016856927424669266,,
14,17499,,,,0.00023235377739183605,,0.01546463929116726,,
14,17519,,,,0.00026563840219751,,0.016398083418607712,,
14,17539,,,,0.0002703728387132287,,0.016242001205682755,,
14,17559,,,,0.0002613985270727426,,0.015515298582613468,,
14,17579,,,,0.00025410373928025365,,0.015821078792214394,,
14,17599,,,,0.00040220184018835425,,0.01885359361767769,,
14,17619,,,,0.00025844937772490084,,0.01617857627570629,,
14,17639,,,,0.00035590710467658937,,0.017461692914366722,,
14,17659,,,,0.00022471568081527948,,0.015025514177978039,,
14,17679,,,,0.00023072550538927317,,0.015192803926765919,,
14,17699,,,,0.002597111277282238,,0.02137557789683342,,
14,17719,,,,0.0002735492307692766,,0.015789255499839783,,
14,17739,,,,0.00021134412963874638,,0.01469244621694088,,
14,17759,,,,0.00036439020186662674,,0.017045238986611366,,
14,17779,,,,0.00033634461578913033,,0.017611950635910034,,
14,17799,,,,0.00023519150272477418,,0.015549133531749249,,
14,17819,,,,0.000249434175202623,,0.016457997262477875,,
14,17839,,,,0.00022378182620741427,,0.01562890037894249,,
14,17859,,,,0.00035888972342945635,,0.01755519211292267,,
14,17879,,,,0.00023839931236580014,,0.016226837411522865,,
14,17899,,,,0.0002957590331789106,,0.01619681715965271,,
14,17919,,,,0.0002986227045767009,,0.015678606927394867,,
14,17939,,,,0.00021547044161707163,,0.014808976091444492,,
14,17959,,,,0.0002558991254772991,,0.015542697161436081,,
14,17979,,,,0.00023738452000543475,,0.014952469617128372,,
14,17999,,,,0.00025487536913715303,,0.01585174724459648,,
14,18019,,,,0.0003025985206477344,,0.0169643834233284,,
14,18039,,,,0.00026217277627438307,,0.01594397984445095,,
14,18059,,,,0.00028895027935504913,,0.016629774123430252,,
14,18079,,,,0.00021218301844783127,,0.014986306428909302,,
14,18099,,,,0.0002287163952132687,,0.015315805561840534,,
14,18119,,,,0.00037603513919748366,,0.01800510473549366,,
14,18139,,,,0.00027260350179858506,,0.0160395335406065,,
14,18159,,,,0.0002083538129227236,,0.014666550792753696,,
14,18179,,,,0.00022040351177565753,,0.015010525472462177,,
14,18199,,,,0.00022725074086338282,,0.015226580202579498,,
14,18219,,,,0.00020288617815822363,,0.014908799901604652,,
14,18239,,,,0.00032252882374450564,,0.01682913303375244,,
14,18259,,,,0.0004264269082341343,,0.016712229698896408,,
14,18279,,,,0.000350161106325686,,0.0173079501837492,,
14,18299,,,,0.00022396852727979422,,0.014966698363423347,,
14,18319,,,,0.0002609635703265667,,0.014707330614328384,,
14,18339,,,,0.00034504354698583484,,0.016847381368279457,,
14,18359,,,,0.00024262722581624985,,0.015583342872560024,,
14,18379,,,,0.00033707573311403394,,0.017406297847628593,,
14,18399,,,,0.0003187408437952399,,0.01771804504096508,,
14,18419,,,,0.00030171306570991874,,0.0165375005453825,,
14,18439,,,,0.00024033873341977596,,0.015133000910282135,,
14,18459,,,,0.00023906075512059033,,0.015493123792111874,,
14,18479,,,,0.00037706142757087946,,0.017696062102913857,,
14,18499,,,,0.00028906826628372073,,0.016352390870451927,,
14,18519,,,,0.000277514336630702,,0.015834391117095947,,
14,18539,,,,0.00024684148957021534,,0.015010235831141472,,
14,18559,,,,0.0003057917929254472,,0.016166310757398605,,
14,18579,,,,0.000310146133415401,,0.017086640000343323,,
14,18599,,,,0.00023339581093750894,,0.015438787639141083,,
14,18619,,,,0.00025332224322482944,,0.016074728220701218,,
14,18629,,,,,,,0.00015293485193978995,0.011948206461966038
14,18629,,,0.0002800262882374227,,0.015980862081050873,,,
15,18639,,,,0.0002648735244292766,,0.015851348638534546,,
15,18659,,,,0.00023842677182983607,,0.014458367601037025,,
15,18679,,,,0.00025743833975866437,,0.015875939279794693,,
15,18699,,,,0.00020616131951101124,,0.014636032283306122,,
15,18719,,,,0.0002544132003095001,,0.016016768291592598,,
15,18739,,,,0.0003219754435122013,,0.016890697181224823,,
15,18759,,,,0.00021595804719254375,,0.014618301764130592,,
15,18779,,,,0.00027365703135728836,,0.016032401472330093,,
15,18799,,,,0.0002408426662441343,,0.015989970415830612,,
15,18819,,,,0.00028769925120286644,,0.015904661267995834,,
15,18839,,,,0.00022637067013420165,,0.015236252918839455,,
15,18859,,,,0.0002456579532008618,,0.015267270617187023,,
15,18879,,,,0.00029241241281852126,,0.017027348279953003,,
15,18899,,,,0.00023449135187547654,,0.015227412804961205,,
15,18919,,,,0.0002626244677230716,,0.01577487215399742,,
15,18939,,,,0.0002506013261154294,,0.015757795423269272,,
15,18959,,,,0.00027089391369372606,,0.016786668449640274,,
15,18979,,,,0.0002541575231589377,,0.016327744349837303,,
15,18999,,,,0.0002481822739355266,,0.015552099794149399,,
15,19019,,,,0.0002488096652086824,,0.015381090342998505,,
15,19039,,,,0.00029715997516177595,,0.017311515286564827,,
15,19059,,,,0.00023069276358000934,,0.015039671212434769,,
15,19079,,,,0.00033427024027332664,,0.017041360959410667,,
15,19099,,,,0.000348403729731217,,0.016483090817928314,,
15,19119,,,,0.00027985178167000413,,0.01730097085237503,,
15,19139,,,,0.000299327599350363,,0.01638896018266678,,
15,19159,,,,0.0003411579818930477,,0.017607148736715317,,
15,19179,,,,0.000291911099338904,,0.015891313552856445,,
15,19199,,,,0.0002441583783365786,,0.015630630776286125,,
15,19219,,,,0.0003139936598017812,,0.017075328156352043,,
15,19239,,,,0.0003367083554621786,,0.017020927742123604,,
15,19259,,,,0.00024275551550090313,,0.01597553864121437,,
15,19279,,,,0.0002353811578359455,,0.015628715977072716,,
15,19299,,,,0.0002751944412011653,,0.016113191843032837,,
15,19319,,,,0.00022563977108802646,,0.014975015074014664,,
15,19339,,,,0.0002654219279065728,,0.015727613121271133,,
15,19359,,,,0.00023825069365557283,,0.014607950113713741,,
15,19379,,,,0.00032073556212708354,,0.01661532372236252,,
15,19399,,,,0.0003340662515256554,,0.017185181379318237,,
15,19419,,,,0.0003469466173555702,,0.017784688621759415,,
15,19439,,,,0.000303922948660329,,0.01618088036775589,,
15,19459,,,,0.00019989405700471252,,0.014312215149402618,,
15,19479,,,,0.00021636075689457357,,0.014966706745326519,,
15,19499,,,,0.0002190555678680539,,0.014193783514201641,,
15,19519,,,,0.0003053586697205901,,0.016567137092351913,,
15,19539,,,,0.0003238754579797387,,0.016305766999721527,,
15,19559,,,,0.00030636455630883574,,0.01632627099752426,,
15,19579,,,,0.0002793739549815655,,0.01625054143369198,,
15,19599,,,,0.0002504523145034909,,0.015900015830993652,,
15,19619,,,,0.00022766855545341969,,0.015140189789235592,,
15,19639,,,,0.0002116594696417451,,0.015104562044143677,,
15,19659,,,,0.00023681431775912642,,0.015152761712670326,,
15,19679,,,,0.00029794732108712196,,0.016907664015889168,,
15,19699,,,,0.0002783543895930052,,0.015825413167476654,,
15,19719,,,,0.0002616398851387203,,0.015417222864925861,,
15,19739,,,,0.0002844715490937233,,0.016529548913240433,,
15,19759,,,,0.0003269159933552146,,0.016370318830013275,,
15,19779,,,,0.0002502473653294146,,0.016207613050937653,,
15,19799,,,,0.0003851104702334851,,0.017043590545654297,,
15,19819,,,,0.00022822344908490777,,0.01567690260708332,,
15,19839,,,,0.00024439056869596243,,0.016215790063142776,,
15,19859,,,,0.0002471485931891948,,0.01607927307486534,,
15,19871,,,,,,,0.00015218598127830774,0.011872971430420876
15,19871,,,0.0002800034999381751,,0.015981093049049377,,,
16,19879,,,,0.00023923144908621907,,0.015630658715963364,,
16,19899,,,,0.00026204175082966685,,0.01609843783080578,,
16,19919,,,,0.00028439550078473985,,0.016812782734632492,,
16,19939,,,,0.00021778361406177282,,0.014870302751660347,,
16,19959,,,,0.0002737316535785794,,0.01563812419772148,,
16,19979,,,,0.000203209652681835,,0.014604899100959301,,
16,19999,,,,0.0002569942153058946,,0.015911739319562912,,
16,20019,,,,0.00025929417461156845,,0.015842856839299202,,
16,20039,,,,0.0003035325207747519,,0.017414769157767296,,
16,20059,,,,0.00024066021433100104,,0.016201116144657135,,
16,20079,,,,0.00032047455897554755,,0.017085088416934013,,
16,20099,,,,0.0002762152289506048,,0.016561666503548622,,
16,20119,,,,0.0002512554347049445,,0.015535004436969757,,
16,20139,,,,0.00022114565945230424,,0.01519228145480156,,
16,20159,,,,0.00021847884636372328,,0.015553420409560204,,
16,20179,,,,0.0002468388993293047,,0.015863440930843353,,
16,20199,,,,0.00029997824458405375,,0.017378628253936768,,
16,20219,,,,0.0003078130539506674,,0.016171930357813835,,
16,20239,,,,0.00032918364740908146,,0.01673092320561409,,
16,20259,,,,0.0003265892155468464,,0.01653125509619713,,
16,20279,,,,0.0002699253673199564,,0.015715796500444412,,
16,20299,,,,0.00037888740189373493,,0.017703749239444733,,
16,20319,,,,0.00026644126046448946,,0.016771428287029266,,
16,20339,,,,0.0003584084042813629,,0.018436886370182037,,
16,20359,,,,0.0002351072325836867,,0.01587624102830887,,
16,20379,,,,0.00025724354782141745,,0.016369367018342018,,
16,20399,,,,0.00026604445884004235,,0.016387682408094406,,
16,20419,,,,0.0003164538647979498,,0.016465026885271072,,
16,20439,,,,0.00025023537455126643,,0.015663422644138336,,
16,20459,,,,0.00023123464779928327,,0.015809662640094757,,
16,20479,,,,0.0002883411361835897,,0.016772642731666565,,
16,20499,,,,0.0002771987929008901,,0.017011983320116997,,
16,20519,,,,0.0002666939399205148,,0.015318935737013817,,
16,20539,,,,0.0003125101502519101,,0.016705378890037537,,
16,20559,,,,0.0003401548892725259,,0.017359180375933647,,
16,20579,,,,0.00020758809114340693,,0.014703650027513504,,
16,20599,,,,0.000270685093710199,,0.016350215300917625,,
16,20619,,,,0.00024030527856666595,,0.015473749488592148,,
16,20639,,,,0.0003076237626373768,,0.015668757259845734,,
16,20659,,,,0.00026860996149480343,,0.0160108283162117,,
16,20679,,,,0.00023694931587669998,,0.015377145260572433,,
16,20699,,,,0.00035960396053269506,,0.0182449109852314,,
16,20719,,,,0.00030441745184361935,,0.016326189041137695,,
16,20739,,,,0.0003101614711340517,,0.017163701355457306,,
16,20759,,,,0.00029001536313444376,,0.016079597175121307,,
16,20779,,,,0.0002733569126576185,,0.015567217022180557,,
16,20799,,,,0.0002639643207658082,,0.01587221585214138,,
16,20819,,,,0.0002791043953038752,,0.016662098467350006,,
16,20839,,,,0.00024390417092945427,,0.015475168824195862,,
16,20859,,,,0.00026232434902340174,,0.016208816319704056,,
16,20879,,,,0.00023401781800203025,,0.014888638630509377,,
16,20899,,,,0.00027310929726809263,,0.015077529475092888,,
16,20919,,,,0.00023653690004721284,,0.015662044286727905,,
16,20939,,,,0.00027499347925186157,,0.01660710945725441,,
16,20959,,,,0.0017037569778040051,,0.019839845597743988,,
16,20979,,,,0.00022807283676229417,,0.015426572412252426,,
16,20999,,,,0.0002732280408963561,,0.01638462021946907,,
16,21019,,,,0.00021855614613741636,,0.014702300541102886,,
16,21039,,,,0.00020956149091944098,,0.014500441960990429,,
16,21059,,,,0.0002817152126226574,,0.01684962771832943,,
16,21079,,,,0.00030076660914346576,,0.016487330198287964,,
16,21099,,,,0.00021226851094979793,,0.014456423930823803,,
16,21113,,,,,,,0.0001522691745776683,0.011885684914886951
16,21113,,,0.00028003426268696785,,0.01598101109266281,,,
17,21119,,,,0.00028564201784320176,,0.01615532673895359,,
17,21139,,,,0.0003054731641896069,,0.016941875219345093,,
17,21159,,,,0.00023218498972710222,,0.01567738689482212,,
17,21179,,,,0.00029940338572487235,,0.016814207658171654,,
17,21199,,,,0.00020187412155792117,,0.014943729154765606,,
17,21219,,,,0.0003351086634211242,,0.016477663069963455,,
17,21239,,,,0.00021792497136630118,,0.014887944795191288,,
17,21259,,,,0.0002538152039051056,,0.015691040083765984,,
17,21279,,,,0.0002814779581967741,,0.0156731978058815,,
17,21299,,,,0.00021835282677784562,,0.014924071729183197,,
17,21319,,,,0.0003256473573856056,,0.016933273524045944,,
17,21339,,,,0.00027798168594017625,,0.016291342675685883,,
17,21359,,,,0.0002626951318234205,,0.015928475186228752,,
17,21379,,,,0.0002569354837760329,,0.01616252213716507,,
17,21399,,,,0.0002519698755349964,,0.016055990010499954,,
17,21419,,,,0.00020891842723358423,,0.014518586918711662,,
17,21439,,,,0.00023739550670143217,,0.015287905931472778,,
17,21459,,,,0.0002348456036997959,,0.01520362589508295,,
17,21479,,,,0.00027435767697170377,,0.015078363940119743,,
17,21499,,,,0.00027809274615719914,,0.01664932817220688,,
17,21519,,,,0.000250414275797084,,0.01611064001917839,,
17,21539,,,,0.000339052319759503,,0.016874393448233604,,
17,21559,,,,0.00021459147683344781,,0.014451625756919384,,
17,21579,,,,0.00028793024830520153,,0.016468198969960213,,
17,21599,,,,0.00026229346985928714,,0.016313957050442696,,
17,21619,,,,0.0002348941779928282,,0.015128104947507381,,
17,21639,,,,0.0002095364616252482,,0.014607083983719349,,
17,21659,,,,0.00024599864264018834,,0.015419147908687592,,
17,21679,,,,0.00025482798810116947,,0.015715334564447403,,
17,21699,,,,0.00039136677514761686,,0.016494566574692726,,
17,21719,,,,0.00028054104768671095,,0.016559666022658348,,
17,21739,,,,0.000259407825069502,,0.015673570334911346,,
17,21759,,,,0.0002587689086794853,,0.015735382214188576,,
17,21779,,,,0.0016553220339119434,,0.01940907910466194,,
17,21799,,,,0.00040211935993283987,,0.016439177095890045,,
17,21819,,,,0.000274541147518903,,0.016241954639554024,,
17,21839,,,,0.00025108808767981827,,0.015867792069911957,,
17,21859,,,,0.0001891888678073883,,0.01432931236922741,,
17,21879,,,,0.00026364397490397096,,0.015378056094050407,,
17,21899,,,,0.000272779434453696,,0.016452370211482048,,
17,21919,,,,0.00048774905735626817,,0.016784872859716415,,
17,21939,,,,0.00022907897073309869,,0.015607962384819984,,
17,21959,,,,0.00021951775124762207,,0.014897727407515049,,
17,21979,,,,0.00023635711113456637,,0.014918049797415733,,
17,21999,,,,0.0002624040935188532,,0.015909623354673386,,
17,22019,,,,0.00027233705623075366,,0.016307879239320755,,
17,22039,,,,0.00026757532032206655,,0.016693703830242157,,
17,22059,,,,0.00034166115801781416,,0.01691959984600544,,
17,22079,,,,0.00021673899027518928,,0.015167424455285072,,
17,22099,,,,0.00023732487170491368,,0.015315614640712738,,
17,22119,,,,0.00032318371813744307,,0.01697869971394539,,
17,22139,,,,0.0002514827065169811,,0.015321599319577217,,
17,22159,,,,0.0002537983236834407,,0.015177695080637932,,
17,22179,,,,0.00024812037008814514,,0.0157298743724823,,
17,22199,,,,0.00024316078634001315,,0.015531671233475208,,
17,22219,,,,0.00024514435790479183,,0.015841975808143616,,
17,22239,,,,0.0003060519229620695,,0.016846254467964172,,
17,22259,,,,0.0002506165474187583,,0.01607275754213333,,
17,22279,,,,0.0002673613780643791,,0.01580626145005226,,
17,22299,,,,0.00029692426323890686,,0.015804611146450043,,
17,22319,,,,0.0002955464296974242,,0.01611059531569481,,
17,22339,,,,0.00029091586475260556,,0.0169895701110363,,
17,22355,,,,,,,0.00015226163668558002,0.011880362406373024
17,22355,,,0.0002799869398586452,,0.015977783128619194,,,
18,22359,,,,0.00023069718736223876,,0.015165616758167744,,
18,22379,,,,0.0002570919750723988,,0.016042079776525497,,
18,22399,,,,0.00024254342133644968,,0.015616686083376408,,
18,22419,,,,0.0002498908434063196,,0.015406344085931778,,
18,22439,,,,0.0002275302540510893,,0.015004796907305717,,
18,22459,,,,0.00025212683249264956,,0.015505651943385601,,
18,22479,,,,0.00031803076853975654,,0.017111886292696,,
18,22499,,,,0.0002239384630229324,,0.01543358527123928,,
18,22519,,,,0.0002910745679400861,,0.017425913363695145,,
18,22539,,,,0.00027485162718221545,,0.01617623120546341,,
18,22559,,,,0.0002661548205651343,,0.015768583863973618,,
18,22579,,,,0.0002531378122512251,,0.015863582491874695,,
18,22599,,,,0.00025847507640719414,,0.016024017706513405,,
18,22619,,,,0.00026708506629802287,,0.016255613416433334,,
18,22639,,,,0.0002444036945234984,,0.015969522297382355,,
18,22659,,,,0.0002926730958279222,,0.017222357913851738,,
18,22679,,,,0.0002807389246299863,,0.016403723508119583,,
18,22699,,,,0.00021688552806153893,,0.015019138343632221,,
18,22719,,,,0.00021922143059782684,,0.014905227348208427,,
18,22739,,,,0.0002334973687538877,,0.01576845534145832,,
18,22759,,,,0.00021860675769858062,,0.015323109924793243,,
18,22779,,,,0.00026178552070632577,,0.015807103365659714,,
18,22799,,,,0.0002236429281765595,,0.014885400421917439,,
18,22819,,,,0.00026599099510349333,,0.015995237976312637,,
18,22839,,,,0.00021441698481794447,,0.01452082023024559,,
18,22859,,,,0.00028788112103939056,,0.016547376289963722,,
18,22879,,,,0.00028861575992777944,,0.016495082527399063,,
18,22899,,,,0.00021702147205360234,,0.015462508425116539,,
18,22919,,,,0.00028732293867506087,,0.016835419461131096,,
18,22939,,,,0.0002719680196605623,,0.01680423691868782,,
18,22959,,,,0.00023938462254591286,,0.014820282347500324,,
18,22979,,,,0.00026027130661532283,,0.016452256590127945,,
18,22999,,,,0.0002750369312707335,,0.01623382978141308,,
18,23019,,,,0.00021999888122081757,,0.014481257647275925,,
18,23039,,,,0.0003075965214520693,,0.016515206545591354,,
18,23059,,,,0.0002360744692850858,,0.015512418001890182,,
18,23079,,,,0.0003053382970392704,,0.016666624695062637,,
18,23099,,,,0.0002770423307083547,,0.016228264197707176,,
18,23119,,,,0.0003011533117387444,,0.01683093048632145,,
18,23139,,,,0.0003045599441975355,,0.016073008999228477,,
18,23159,,,,0.00022483062639366835,,0.015228438191115856,,
18,23179,,,,0.00024172701523639262,,0.015583986416459084,,
18,23199,,,,0.0002615214034449309,,0.01658618077635765,,
18,23219,,,,0.000305755966110155,,0.016256196424365044,,
18,23239,,,,0.00036473586806096137,,0.017094487324357033,,
18,23259,,,,0.00024140598543453962,,0.015223661437630653,,
18,23279,,,,0.00022909484687261283,,0.015106745064258575,,
18,23299,,,,0.0002441860851831734,,0.01546117290854454,,
18,23319,,,,0.00024756952188909054,,0.016139719635248184,,
18,23339,,,,0.0003049686492886394,,0.01667708158493042,,
18,23359,,,,0.00035850360291078687,,0.016928620636463165,,
18,23379,,,,0.00026414147578179836,,0.015796717256307602,,
18,23399,,,,0.00024665112141519785,,0.015649404376745224,,
18,23419,,,,0.00022709326003678143,,0.014995340257883072,,
18,23439,,,,0.00026257321587763727,,0.015445051714777946,,
18,23459,,,,0.0003095966822002083,,0.01721940189599991,,
18,23479,,,,0.00027126140776090324,,0.015582059510052204,,
18,23499,,,,0.0002344135573366657,,0.015427379868924618,,
18,23519,,,,0.0002669474051799625,,0.015221712179481983,,
18,23539,,,,0.00023867182608228177,,0.01533966138958931,,
18,23559,,,,0.0002875597565434873,,0.01691451296210289,,
18,23579,,,,0.00026895198971033096,,0.016386475414037704,,
18,23597,,,,,,,0.00015226543473545462,0.01187529694288969
18,23597,,,0.00028001097962260246,,0.015979893505573273,,,
19,23599,,,,0.00025858424487523735,,0.015565438196063042,,
19,23619,,,,0.00022159700165502727,,0.014845452271401882,,
19,23639,,,,0.00027980084996670485,,0.01692010648548603,,
19,23659,,,,0.00025840388843789697,,0.01582067832350731,,
19,23679,,,,0.0003216214245185256,,0.01637488603591919,,
19,23699,,,,0.00019313517259433866,,0.013858900405466557,,
19,23719,,,,0.0002644859778229147,,0.015186924487352371,,
19,23739,,,,0.00023884029360488057,,0.014878801070153713,,
19,23759,,,,0.00025823136093094945,,0.016641248017549515,,
19,23779,,,,0.00024464359739795327,,0.015466732904314995,,
19,23799,,,,0.00023126491578295827,,0.015703894197940826,,
19,23819,,,,0.00020500003302004188,,0.014571220614016056,,
19,23839,,,,0.00025868345983326435,,0.01580672338604927,,
19,23859,,,,0.00027675169985741377,,0.015508364886045456,,
19,23879,,,,0.00026851962320506573,,0.01618911325931549,,
19,23899,,,,0.00024956869310699403,,0.015734922140836716,,
19,23919,,,,0.0003080280148424208,,0.016823941841721535,,
19,23939,,,,0.000248321914114058,,0.016257112845778465,,
19,23959,,,,0.00026181223802268505,,0.016477344557642937,,
19,23979,,,,0.00026670555234886706,,0.015810105949640274,,
19,23999,,,,0.00026427794364281,,0.015820879489183426,,
19,24019,,,,0.00020300917094573379,,0.014247192069888115,,
19,24039,,,,0.0003077025176025927,,0.016377748921513557,,
19,24059,,,,0.00028198736254125834,,0.01635904237627983,,
19,24079,,,,0.0002525353920646012,,0.015552779659628868,,
19,24099,,,,0.00024660537019371986,,0.015969976782798767,,
19,24119,,,,0.00021012338402215391,,0.014966366812586784,,
19,24139,,,,0.00027053410303778946,,0.015808839350938797,,
19,24159,,,,0.0002874270430766046,,0.016964267939329147,,
19,24179,,,,0.00029792837449349463,,0.015567146241664886,,
19,24199,,,,0.0002589252544566989,,0.016080472618341446,,
19,24219,,,,0.0002599021827336401,,0.015815449878573418,,
19,24239,,,,0.0002210234379163012,,0.014802336692810059,,
19,24259,,,,0.0002733852306846529,,0.015642110258340836,,
19,24279,,,,0.00025902973720803857,,0.015199130401015282,,
19,24299,,,,0.00024564817431382835,,0.015233493410050869,,
19,24319,,,,0.00023954035714268684,,0.015477177686989307,,
19,24339,,,,0.00024867712636478245,,0.01489749550819397,,
19,24359,,,,0.00026571546914055943,,0.015843849629163742,,
19,24379,,,,0.0003532647679094225,,0.01653783768415451,,
19,24399,,,,0.0002574250684119761,,0.015583175234496593,,
19,24419,,,,0.00024267449043691158,,0.015840094536542892,,
19,24439,,,,0.00024358379596378654,,0.015479137189686298,,
19,24459,,,,0.0002522048889659345,,0.015904957428574562,,
19,24479,,,,0.0002760145580396056,,0.01604507490992546,,
19,24499,,,,0.000317310041282326,,0.016417698934674263,,
19,24519,,,,0.0002936028758995235,,0.016568142920732498,,
19,24539,,,,0.0003091807593591511,,0.016907434910535812,,
19,24559,,,,0.0002353503368794918,,0.015608733519911766,,
19,24579,,,,0.000210568803595379,,0.014695733785629272,,
19,24599,,,,0.0002458233793731779,,0.015952657908201218,,
19,24619,,,,0.00029627705225721,,0.016566962003707886,,
19,24639,,,,0.00024955111439339817,,0.01555196288973093,,
19,24659,,,,0.00031562248477712274,,0.016438506543636322,,
19,24679,,,,0.00028901902260258794,,0.01731143891811371,,
19,24699,,,,0.000276076199952513,,0.01608724147081375,,
19,24719,,,,0.0002512661158107221,,0.015386633574962616,,
19,24739,,,,0.0002416072238702327,,0.01481007132679224,,
19,24759,,,,0.00025383871980011463,,0.015595086850225925,,
19,24779,,,,0.00029527751030400395,,0.015398367308080196,,
19,24799,,,,0.0002196119457948953,,0.014737948775291443,,
19,24819,,,,0.0002937480458058417,,0.015599806793034077,,
19,24839,,,,0.00024039433628786355,,0.0156702920794487,,
19,24839,,,,,,,0.00015280481602530926,0.011893142946064472
19,24839,,,0.00027997989673167467,,0.01597956009209156,,,
20,24859,,,,0.00033611510298214853,,0.01648976281285286,,
20,24879,,,,0.00028123491210862994,,0.01644648239016533,,
20,24899,,,,0.0003182129585184157,,0.017469480633735657,,
20,24919,,,,0.00025784189347177744,,0.016222836449742317,,
20,24939,,,,0.0003151793498545885,,0.01645010896027088,,
20,24959,,,,0.0002409588487353176,,0.014991825446486473,,
20,24979,,,,0.00023616985708940774,,0.01521327905356884,,
20,24999,,,,0.00024145664065144956,,0.015376433730125427,,
20,25019,,,,0.0002520425769034773,,0.016292857006192207,,
20,25039,,,,0.00025012867990881205,,0.01605413854122162,,
20,25059,,,,0.00027514080284163356,,0.016115039587020874,,
20,25079,,,,0.0003322425181977451,,0.01781487837433815,,
20,25099,,,,0.00023158095427788794,,0.015577474609017372,,
20,25119,,,,0.0002244016359327361,,0.015286026522517204,,
20,25139,,,,0.00029752543196082115,,0.016096467152237892,,
20,25159,,,,0.0002141921577276662,,0.015155559405684471,,
20,25179,,,,0.00025024154456332326,,0.01590321958065033,,
20,25199,,,,0.0002049995819106698,,0.014732115902006626,,
20,25219,,,,0.00025616001221351326,,0.015393375419080257,,
20,25239,,,,0.0002422892430331558,,0.01569906249642372,,
20,25259,,,,0.00023931018949951977,,0.015222913585603237,,
20,25279,,,,0.0002522963040973991,,0.01603173278272152,,
20,25299,,,,0.0003141141787637025,,0.015395884402096272,,
20,25319,,,,0.00026999175315722823,,0.01638280600309372,,
20,25339,,,,0.0003160416381433606,,0.016867808997631073,,
20,25359,,,,0.00026275136042386293,,0.015617111697793007,,
20,25379,,,,0.00022662177798338234,,0.01551910676062107,,
20,25399,,,,0.00024814048083499074,,0.015843963250517845,,
20,25419,,,,0.0002745531382970512,,0.016410402953624725,,
20,25439,,,,0.00023823653464205563,,0.01591866835951805,,
20,25459,,,,0.0002320255880476907,,0.015163085423409939,,
20,25479,,,,0.00028224074048921466,,0.016522463411092758,,
20,25499,,,,0.0002953447983600199,,0.016268637031316757,,
20,25519,,,,0.00021822552662342787,,0.015280349180102348,,
20,25539,,,,0.00024570769164711237,,0.016212038695812225,,
20,25559,,,,0.000226047050091438,,0.0151947271078825,,
20,25579,,,,0.00022386101773008704,,0.014997744001448154,,
20,25599,,,,0.0003463285102043301,,0.017440833151340485,,
20,25619,,,,0.00026860262732952833,,0.01558876782655716,,
20,25639,,,,0.000270094140432775,,0.016298744827508926,,
20,25659,,,,0.00022616214118897915,,0.014984209090471268,,
20,25679,,,,0.00024289381690323353,,0.015457967296242714,,
20,25699,,,,0.00035181897692382336,,0.016939621418714523,,
20,25719,,,,0.0003666765405796468,,0.017934415489435196,,
20,25739,,,,0.0002783533127512783,,0.016441572457551956,,
20,25759,,,,0.0003421891015022993,,0.01648736372590065,,
20,25779,,,,0.0002569981152191758,,0.015329376794397831,,
20,25799,,,,0.00024601572658866644,,0.015815794467926025,,
20,25819,,,,0.0002919569960795343,,0.016396671533584595,,
20,25839,,,,0.0016930102137848735,,0.01896435022354126,,
20,25859,,,,0.00023369894188363105,,0.015789605677127838,,
20,25879,,,,0.000339041231200099,,0.016800783574581146,,
20,25899,,,,0.0002768049598671496,,0.015274858102202415,,
20,25919,,,,0.0002531277423258871,,0.015779394656419754,,
20,25939,,,,0.00029286957578733563,,0.017001386731863022,,
20,25959,,,,0.00025538247427903116,,0.015659146010875702,,
20,25979,,,,0.0002239609748357907,,0.015218498185276985,,
20,25999,,,,0.00024024295271374285,,0.014945338480174541,,
20,26019,,,,0.0003238317440263927,,0.01678801327943802,,
20,26039,,,,0.00021371073671616614,,0.014639414846897125,,
20,26059,,,,0.00027811271138489246,,0.01613379828631878,,
20,26079,,,,0.0002612972166389227,,0.015866219997406006,,
20,26081,,,,,,,0.00015220696514006704,0.011879395693540573
20,26081,,,0.000279960164334625,,0.015979178249835968,,,
21,26099,,,,0.0002926774322986603,,0.015693698078393936,,
21,26119,,,,0.00030879059340804815,,0.01695382222533226,,
21,26139,,,,0.0002958197728730738,,0.016886617988348007,,
21,26159,,,,0.00023005064576864243,,0.015058677643537521,,
21,26179,,,,0.0002473927743267268,,0.014959216117858887,,
21,26199,,,,0.00027836873778142035,,0.016519689932465553,,
21,26219,,,,0.00023044325644150376,,0.015714872628450394,,
21,26239,,,,0.00022625591373071074,,0.014890812337398529,,
21,26259,,,,0.0002660593017935753,,0.01562285702675581,,
21,26279,,,,0.00039011985063552856,,0.017735064029693604,,
21,26299,,,,0.00025187042774632573,,0.01601669006049633,,
21,26319,,,,0.0002495622611604631,,0.015673603862524033,,
21,26339,,,,0.0003205599496141076,,0.01723017357289791,,
21,26359,,,,0.0002988297783304006,,0.01675025373697281,,
21,26379,,,,0.0002805677941069007,,0.016209356486797333,,
21,26399,,,,0.0002840441302396357,,0.016952823847532272,,
21,26419,,,,0.00022660699323751032,,0.01521394308656454,,
21,26439,,,,0.0005475569050759077,,0.016277577728033066,,
21,26459,,,,0.00023509407765232027,,0.015357785858213902,,
21,26479,,,,0.0002753587323240936,,0.016260378062725067,,
21,26499,,,,0.00026436863117851317,,0.016184087842702866,,
21,26519,,,,0.0003639276255853474,,0.017133405432105064,,
21,26539,,,,0.0002501944254618138,,0.016325555741786957,,
21,26559,,,,0.0003193445154465735,,0.01663348451256752,,
21,26579,,,,0.00021638629550579935,,0.014697043225169182,,
21,26599,,,,0.00027564592892304063,,0.016507897526025772,,
21,26619,,,,0.00025381718296557665,,0.015510245226323605,,
21,26639,,,,0.00027946074260398746,,0.015647785738110542,,
21,26659,,,,0.00034230516757816076,,0.01639479212462902,,
21,26679,,,,0.0002164835314033553,,0.014723043888807297,,
21,26699,,,,0.00024859438417479396,,0.01568351686000824,,
21,26719,,,,0.000256875908235088,,0.015605967491865158,,
21,26739,,,,0.0003145677619613707,,0.016407955437898636,,
21,26759,,,,0.0002785101532936096,,0.015734370797872543,,
21,26779,,,,0.0002976499090436846,,0.016909902915358543,,
21,26799,,,,0.00026694819098338485,,0.01577017828822136,,
21,26819,,,,0.0003081811300944537,,0.01687733456492424,,
21,26839,,,,0.0013460556510835886,,0.017180537804961205,,
21,26859,,,,0.0002516194654162973,,0.01591525413095951,,
21,26879,,,,0.00024129633675329387,,0.014811035245656967,,
21,26899,,,,0.0002715134178288281,,0.015985101461410522,,
21,26919,,,,0.0002673408598639071,,0.015696611255407333,,
21,26939,,,,0.00027756302733905613,,0.016173383221030235,,
21,26959,,,,0.00031354097882285714,,0.017191383987665176,,
21,26979,,,,0.0002471852349117398,,0.014624681323766708,,
21,26999,,,,0.00024778529768809676,,0.015940669924020767,,
21,27019,,,,0.00023050034360494465,,0.014758221805095673,,
21,27039,,,,0.00028428761288523674,,0.016515839844942093,,
21,27059,,,,0.00027063090237788856,,0.01578720659017563,,
21,27079,,,,0.00023789392434991896,,0.015461090952157974,,
21,27099,,,,0.0002831901656463742,,0.015838656574487686,,
21,27119,,,,0.00027985876658931375,,0.0166594497859478,,
21,27139,,,,0.0002782408846542239,,0.016249893233180046,,
21,27159,,,,0.00029018864734098315,,0.01607927680015564,,
21,27179,,,,0.000294230820145458,,0.015977749601006508,,
21,27199,,,,0.00026584917213767767,,0.015824073925614357,,
21,27219,,,,0.00023698042787145823,,0.01571744680404663,,
21,27239,,,,0.0002537376421969384,,0.016277292743325233,,
21,27259,,,,0.0002831631572917104,,0.016557693481445312,,
21,27279,,,,0.00026247359346598387,,0.016367647796869278,,
21,27299,,,,0.00025991196162067354,,0.016481157392263412,,
21,27319,,,,0.00037450710078701377,,0.018425654619932175,,
21,27323,,,,,,,0.00015266452101059258,0.011884547770023346
21,27323,,,0.0002799635985866189,,0.015978744253516197,,,
22,27339,,,,0.0002632287214510143,,0.015687817707657814,,
22,27359,,,,0.00022815450211055577,,0.015472623519599438,,
22,27379,,,,0.00022621441166847944,,0.014995243400335312,,
22,27399,,,,0.000259649968938902,,0.016166232526302338,,
22,27419,,,,0.00030765740666538477,,0.016704723238945007,,
22,27439,,,,0.0002481428091414273,,0.014303825795650482,,
22,27459,,,,0.000307338748825714,,0.01671578362584114,,
22,27479,,,,0.00027428328758105636,,0.016322225332260132,,
22,27499,,,,0.0002671533729881048,,0.016597867012023926,,
22,27519,,,,0.00264783576130867,,0.022088194265961647,,
22,27539,,,,0.00019051897106692195,,0.014404404908418655,,
22,27559,,,,0.0002662586630322039,,0.016481172293424606,,
22,27579,,,,0.00027181359473615885,,0.01654904894530773,,
22,27599,,,,0.00030539854196831584,,0.01661260426044464,,
22,27619,,,,0.00032178330002352595,,0.015939190983772278,,
22,27639,,,,0.00028833854594267905,,0.016533251851797104,,
22,27659,,,,0.0002476117806509137,,0.015541709028184414,,
22,27679,,,,0.00026166706811636686,,0.01568148285150528,,
22,27699,,,,0.00029113079654052854,,0.016728952527046204,,
22,27719,,,,0.0002072920324280858,,0.01432405598461628,,
22,27739,,,,0.0002794747124426067,,0.016119331121444702,,
22,27759,,,,0.00030372789478860795,,0.01641276478767395,,
22,27779,,,,0.0003034225373994559,,0.01681641861796379,,
22,27799,,,,0.000236761465203017,,0.015225788578391075,,
22,27819,,,,0.00025408342480659485,,0.01597600430250168,,
22,27839,,,,0.00026190155767835677,,0.016170548275113106,,
22,27859,,,,0.0002994475362356752,,0.01734897494316101,,
22,27879,,,,0.0003042422467842698,,0.01672820933163166,,
22,27899,,,,0.00025952677242457867,,0.016317399218678474,,
22,27919,,,,0.0002718745672609657,,0.016550373286008835,,
22,27939,,,,0.00021357933292165399,,0.014401458203792572,,
22,27959,,,,0.0002858295338228345,,0.01604127697646618,,
22,27979,,,,0.00027439603582024574,,0.016613144427537918,,
22,27999,,,,0.00025780341820791364,,0.016218101605772972,,
22,28019,,,,0.0002445589052513242,,0.015611700713634491,,
22,28039,,,,0.0003163809597026557,,0.01699942722916603,,
22,28059,,,,0.0002885994326788932,,0.016514180228114128,,
22,28079,,,,0.0002590203657746315,,0.015384122729301453,,
22,28099,,,,0.00025232136249542236,,0.01609811559319496,,
22,28119,,,,0.0002467739977873862,,0.015561554580926895,,
22,28139,,,,0.0002468931197654456,,0.016181837767362595,,
22,28159,,,,0.00028839748119935393,,0.016000352799892426,,
22,28179,,,,0.0002718581527005881,,0.016605235636234283,,
22,28199,,,,0.00023845626856200397,,0.015538724139332771,,
22,28219,,,,0.0002701269695535302,,0.016370663419365883,,
22,28239,,,,0.0002890012983698398,,0.016083547845482826,,
22,28259,,,,0.0002507524040993303,,0.015316283330321312,,
22,28279,,,,0.00022924551740288734,,0.01541086845099926,,
22,28299,,,,0.0002589426003396511,,0.015523480251431465,,
22,28319,,,,0.00023976893862709403,,0.015156232751905918,,
22,28339,,,,0.0002492286148481071,,0.014849950559437275,,
22,28359,,,,0.0002604392357170582,,0.0161004476249218,,
22,28379,,,,0.0002462846168782562,,0.015355102717876434,,
22,28399,,,,0.0002857005747500807,,0.015727847814559937,,
22,28419,,,,0.0003246682754252106,,0.0172189399600029,,
22,28439,,,,0.0002907044836319983,,0.016560761258006096,,
22,28459,,,,0.0009893394308164716,,0.01685469225049019,,
22,28479,,,,0.00024491589283570647,,0.015926942229270935,,
22,28499,,,,0.00023097881057765335,,0.015630267560482025,,
22,28519,,,,0.00029633683152496815,,0.01723862625658512,,
22,28539,,,,0.0002527385368011892,,0.016507325693964958,,
22,28559,,,,0.000199517875444144,,0.014938482083380222,,
22,28565,,,,,,,0.00015235636965371668,0.011877105571329594
22,28565,,,0.0002800014626700431,,0.01598050445318222,,,
23,28579,,,,0.0002693154092412442,,0.015932774171233177,,
23,28599,,,,0.00031542457873001695,,0.017534464597702026,,
23,28619,,,,0.0002970488276332617,,0.01705322042107582,,
23,28639,,,,0.0002728009130805731,,0.016743384301662445,,
23,28659,,,,0.00032803392969071865,,0.016875378787517548,,
23,28679,,,,0.0003212934243492782,,0.016535155475139618,,
23,28699,,,,0.00023778679315000772,,0.014718245714902878,,
23,28719,,,,0.0001940681249834597,,0.014286726713180542,,
23,28739,,,,0.00025331717915832996,,0.015854503959417343,,
23,28759,,,,0.00017951495829038322,,0.013954045251011848,,
23,28779,,,,0.00019577398779802024,,0.014640401117503643,,
23,28799,,,,0.00024264786043204367,,0.015051847323775291,,
23,28819,,,,0.00030078092822805047,,0.015787798911333084,,
23,28839,,,,0.00024022704747039825,,0.015518417581915855,,
23,28859,,,,0.000247737392783165,,0.015763361006975174,,
23,28879,,,,0.00023913802579045296,,0.015112274326384068,,
23,28899,,,,0.00027146871434524655,,0.01585225947201252,,
23,28919,,,,0.0025848380755633116,,0.021389761939644814,,
23,28939,,,,0.00032853492302820086,,0.016222968697547913,,
23,28959,,,,0.00021868465410079807,,0.014699192717671394,,
23,28979,,,,0.00024104327894747257,,0.015589706599712372,,
23,28999,,,,0.00022867275401949883,,0.015485947951674461,,
23,29019,,,,0.0001840326003730297,,0.013905582949519157,,
23,29039,,,,0.00022854850976727903,,0.014663232490420341,,
23,29059,,,,0.00031799409771338105,,0.0166330486536026,,
23,29079,,,,0.00026071915635839105,,0.016082797199487686,,
23,29099,,,,0.0002582708257250488,,0.01637219823896885,,
23,29119,,,,0.0002691078989300877,,0.01595725677907467,,
23,29139,,,,0.00036551320226863027,,0.016877761110663414,,
23,29159,,,,0.0003186335088685155,,0.016908790916204453,,
23,29179,,,,0.0003056380955968052,,0.016086328774690628,,
23,29199,,,,0.00020026550919283181,,0.014601562172174454,,
23,29219,,,,0.000306156522128731,,0.016760941594839096,,
23,29239,,,,0.0002628351212479174,,0.016039907932281494,,
23,29259,,,,0.00026883563259616494,,0.01580987684428692,,
23,29279,,,,0.00029542556148953736,,0.01711038127541542,,
23,29299,,,,0.0002556453109718859,,0.015461724251508713,,
23,29319,,,,0.000388672633562237,,0.01765085756778717,,
23,29339,,,,0.0002262201887788251,,0.014994116500020027,,
23,29359,,,,0.00022294952941592783,,0.014420777559280396,,
23,29379,,,,0.0002689734974410385,,0.016184266656637192,,
23,29399,,,,0.0003303691919427365,,0.01787799410521984,,
23,29419,,,,0.0003619234776124358,,0.017497342079877853,,
23,29439,,,,0.00028601050144061446,,0.0162225142121315,,
23,29459,,,,0.00019622674153652042,,0.014387792907655239,,
23,29479,,,,0.0002538325497880578,,0.015062025748193264,,
23,29499,,,,0.00022994575556367636,,0.015324708074331284,,
23,29519,,,,0.000290184048935771,,0.01630786433815956,,
23,29539,,,,0.0002747701946645975,,0.016532862558960915,,
23,29559,,,,0.0002443389967083931,,0.014926361851394176,,
23,29579,,,,0.0003186528920195997,,0.01657378301024437,,
23,29599,,,,0.00032412580912932754,,0.016650255769491196,,
23,29619,,,,0.0003739621606655419,,0.01646866463124752,,
23,29639,,,,0.00025779922725632787,,0.015357621014118195,,
23,29659,,,,0.0002722419740166515,,0.015936916694045067,,
23,29679,,,,0.0002701102930586785,,0.016219351440668106,,
23,29699,,,,0.0002691233530640602,,0.015607288107275963,,
23,29719,,,,0.00020674383267760277,,0.014690835028886795,,
23,29739,,,,0.00023891856835689396,,0.01521181408315897,,
23,29759,,,,0.0002538491680752486,,0.014865758828818798,,
23,29779,,,,0.00024601322365924716,,0.015713127329945564,,
23,29799,,,,0.0002878097875509411,,0.016655167564749718,,
23,29807,,,,,,,0.00015241246728692204,0.011874496005475521
23,29807,,,0.0002799641515593976,,0.015977708622813225,,,
24,29808,0.0001531291927676648,0.01237327978014946,,,,,,
